id,title,date,content,url
751729,고용노동부 IT교육 모집 안내(모집기간 연장),2025-04-28,"안녕하세요 컴퓨터과학과입니다.





고용노동부에서 시행하는 IT 교육 안내드립니다.

관심있는 학우님들께서는 아래 링크 접속하여 신청하시기 바랍니다.





📌 과  정  명 : 생성형 AI를 활용한 미디어 콘텐츠 크리에이터 캠프
📌 모집기간 : 25. 04. 07. ~ 25. 05. 18


📌 교육기간 : 25. 06. 23. ~ 25. 08. 22.

 📌 교육시간 : 09:00 ~ 18:00 (월 ~ 금, 주 5일)

 📌 교육장소 : 실시간 온라인 강의장(ZOOM)
 
✅ 내일배움카드 발급 및 수강 가능자
✅ 2개월간 온라인 수업 참여 가능자
✅ 수료 후 관련 분야로 취/창업 예정자
       ※ 비전공자 지원 가능
 
상세내역 홈페이지 



www.genai-hk.com



📢 상세 일정은 사정에 따라 변경될 수 있습니다.",https://cs.knou.ac.kr/bbs/cs1/2119/751729/artclView.do
751248,★ 2025 컴퓨터과학과 총장배 소프트웨어경진대회 공지사항 ★,2025-04-24,"2025 컴퓨터과학과 총장배 소프트웨어경진대회




대회 목적

	

  ▶컴퓨터과학과 재학생들의 소프트웨어 개발 능력 및 실무 관련 능력을 향상하고, 최신기술 및 지식 습득을 통하여 경쟁력을 높이는 기회를 제공함




참가대상

	

▶ 컴퓨터과학과 재학생만 참가 가능(2025학년도 1학기 기준)

▶ 복수전공자의 경우 주전공 컴퓨터과학과 학생만 가능




출품 분야

	

▶ 게임, 멀티미디어, 유틸리티, 모바일 앱 등 모든 응용 분야




가산점

	

▶ 컴퓨터과학과 교과과정에서 배운 수업 내용을 응용한 경우

▶ 팀(스터디 또는 학생회 등)으로 참가한 경우




유의사항


	

▶ 타인의 저작권을 침해하거나 도용한 작품 또는 회사 소유의 상업적으로 사용하는 작품은 응모할 수 없으며 추후 적발 시 입상 취소 및 민형사상의 책임을 물음.

▶ 출품작의 저작권은 참가자(또는 참가 팀)에게 있음. 다만, 학과는 출품작의 홍보, 전시 등을 위한 비영리적 사용권을 가질 수 있음.

▶ 출품작은 기본적으로 소스코드 공개를 원칙으로 함. 다만, 참가자의 요청 및 학과와 협의에 따라 소스코드 공개 수준을 선택할 수 있음.

▶ 출품작에 포함된 공개소스는 사용 내역과 라이선스 정보를 <참가신청서>에 명확히 표기하고, 라이선스 규정을 철저히 준수해야 함.




주요일정

	

참가 신청 및 작품 제출

	

2025. 5. 26.(월) ~ 7. 25.(금)


	

▶ 첨부파일 ‘소프트웨어경진대회참가신청서’ 제출

▶ 작품제출: 하단 「제출물」 참조

▶ 메일접수: dp34@mail.knou.ac.kr 

(메일제목에 [소프트웨어경진대회 참가 신청_ㅇㅇㅇ]으로 표기)

※ 대용량 시 CD 또는 USB로 우편 제출 또는 구글 드라이브 다운로드 링크 제출

주소: (03087) 서울 종로구 대학로 86 (동숭동) 한국방송통신대학교 본관 510호 컴퓨터과학과 사무실




1차 심사 발표

	

2025. 8. 8.(금)

	

▶ 학과 홈페이지 공지 및 개별연락




수상자 작품 전시 발표


	

2025.8. 30.(토)

	

▶ 전시방식: 온라인(링크 추후 공지)

▶ 전시대상: 전체 참가 작품(변동 가능)

▶ 발표대상: 대상, 금상, 은상, 동상 후보자(팀)

(작품설명 8분, 질의응답 5분)

※ 발표 당일 불참할 경우 심사에서 제외함

※ 발표 시간 초과시 바로 중단




시상

	

2025. 8. 31.(일)

	

▶ 상장, 부상 (입상자)

▶ 인기상 (참가팀 중 추첨)

※ 발표 당일 불참할 경우 시상에서 제외함




제출물

(심사 및 게재용)

	

▶ 참가신청서 작성 제출 (첨부파일 확인)

▶ 실행 가능 상태의 응용 프로그램, 실행 방법 및 소스파일

▶ 발표자료 파일(파워포인트, 시연 영상)

※ 자유 서식. 단, 개발목적 및 배경, 내용 및 방법, 프로그램의 구조, 실행 예, 결론은 반드시 포함 시킬 것




대회 당일

발표자 준비사항

	

▶ 작품설명 동영상 (사전에 개별 공지)

▶ 대회 시작 30분전까지 발표 사전준비 완료
(발표자료, 영상자료 등 발표시 필요한 모든 자료 상태 점검 등)




기타

	

▶ 장려상 입상자의 경우 작품 발표 없이 시상만 진행할 예정임.

▶ 총장상을 제외한 학과 차원에서 시상하는 상장은 교내 포상내역에 미등재됨.

▶ 2인 이상 팀 접수의 경우 상장 및 부상은 대표자 1인에게만 교부

▶ 상금 및 상품은 학과운영 상황에 따라 변경 될 수 있음




문의

	

▶ 컴퓨터과학과 사무실: 02-3668-4650 




첨부파일

	

▶ 소프트웨어경진대회 참가신청서",https://cs.knou.ac.kr/bbs/cs1/2119/751248/artclView.do
735327,★ 2025학년도 1학기 컴퓨터과학과 튜터 및 학생회 & 스터디 명단 ★,2025-01-24,"안녕하세요.

컴퓨터과학과입니다.




2025학년도 1학기 컴퓨터과학과 튜터 및 학생회 & 스터디 명단을 공개하오니 참고하시기 바랍니다.


감사합니다.







<2025학년도 1학기 컴퓨터과학과 튜터 명단>




학년	1학년 과목	과목담당교수
1	

유비쿼터스컴퓨팅개론

	

정광식




파이썬프로그래밍기초

	

정재화




지역 구분

	

성명




서울,부산

	

김남희




서울남부,인천,대전충남,울산

	

민정숙





경기,강원,충북,경남,광주전남,제주

	

서경애




총계

	

3명







학년

	

2학년 과목

	

과목담당교수

	







2

	

HTML5웹프로그래밍

	

김희천

	







Java프로그래밍

	

이관용

	







지역 구분

	

성명

	

SNS




전 지역

	

문영준

	

다음




총계

	

1명

	










학년

	

3학년 과목

	

과목담당교수




3

	

알고리즘

	

이관용




인공지능

	

이병래




지역 구분

	

성명




서울,충북

	

박명철




경기,부산

	

김대현




인천,울산,광주전남

	

신은섭




서울남부

	

은인기




서울서부,강원,대전충남

	

김 룡




경기성남,경남

	

신정화




서울남부,제주

	

송명식




서울

	

윤성림




서울북부,인천부천

	

강신배




경기안양/안산,대구경북,전북

	

황금숙




총계

	

10명
















<2025학년도 1학기 컴퓨터과학과 스터디 명단>







지역

	

명칭

	

참여

구분

	

임원

	

홈페이지




서울

	

비트앤바이트스터디

(BNB 스터디)

	

전학년

	

이현주


	

사이트




한우리스터디

	

전학년

	

진주영

	

카페




Growth Log

	

전학년

	

안혜린

	

사이트




인천

	

ICCS

	

전학년

	

하진수

	

카페




경기

	

COM++

	

전학년

	

이효재

	

카카오톡




경남

	

CP-U

	

전학년

	

이요성

	

카페




대구 경북

	

블루스크린

	

전학년

	

김영화

	










<2025학년도 1학기 컴퓨터과학과 학생회 명단>




지역 구분

	

성명

	

SNS 링크




서울

	

도은경

	

오픈채팅

(knoucs)




밴드




경기

	

이효재

	

오픈채팅




카페




인천

	

하진수

	

오픈채팅




카페




강원

	

김정원

	

오픈채팅




대전충남

	

이재헌


	

오픈채팅




충북

	

채경아

	

오픈채팅




대구경북

	

김영화


	

오픈채팅




경남

	

이요성

	

카페




울산

	

김효정

	

오픈채팅




광주전남

	

강솔빈

	

오픈채팅
(knou2025)




부산

	

송태성

	







제주

	

오성민

	

오픈채팅",https://cs.knou.ac.kr/bbs/cs1/2119/735327/artclView.do
734206,2025학년도 컴퓨터과학과 개설교과목 안내(변경사항 추가_250530),2025-01-16,"안녕하세요,

한국방송통신대학교 컴퓨터과학과입니다.




2025학년도 컴퓨터과학과 개설교과목표를 첨부하여 드리오니, 

수강신청에 참고하여 주시기 바랍니다.




2025학년도 우리학과 교과과정 개편으로 인해 교과과정에 대한 문의가 있어

다음과 같이 현재 확정된 개편 현황을 설명드립니다. 





<2025학년도 교과과정 개편 현황>




  1) 1학년 1학기 C프로그래밍: 1학년 2학기로 개설학기 변경


  2) 1학년 1학기 세계의정치와경제(*관리학과: 문화교양학과) 신규 개설


  3) 1학년 2학기  C++프로그래밍:  폐지

  4) 2학년 2학기 오픈소스 기반 데이터 분석: 신규 개발


  5) 2학년 2학기 생활속의경제: '경제학의이해'(*관리학과: 교양교육원)로 과목명 변경 및 개편


  6) 2학년 2학기 철학의이해(*관리학과: 문화교양학과): 미편성





<추가 안내사항>

*파이썬프로그래밍기초 교과목의 교재는 2026학년도 1학기 출간 예정으로 변경되었습니다.

*개설학기 변경 된 'C프로그래밍' 과목은 2025학년도부터 이병래교수님 담당 과목으로 지정되었습니다. 

  C프로그래밍 강의매체(멀티미디어) 2025학년도 2학기에 신규 제작합니다.



<변경사항 안내>
* 기존 '파이썬 기반 데이터 분석' 과목의 교과목명이 '오픈소스 기반 데이터 분석'으로 최종 변경 되었습니다. 


* 멀티미디어시스템 2026학년도 폐강 예정으로 강의매체 신규 제작 취소되었습니다.  (현재 폐강 예정으로 확정 공지 추후 드리겠습니다.)




* 첨부된 '동일인정교과목(통합교과) 재이수 기준' 파일에서 [재이수] 및 [대체이수] 취득성적 기준이 변경되어 수정되었으므로 확인 부탁드립니다.








감사합니다.",https://cs.knou.ac.kr/bbs/cs1/2119/734206/artclView.do
669531,"컴퓨터과학과「졸업학력평가(논문, 논문대체)」폐지 공고",2023-09-04,"컴퓨터과학과 「졸업학력평가(논문, 논문대체)」 폐지 공고







안녕하세요,

한국방송통신대학교 컴퓨터과학과입니다.




[컴퓨터과학과 「졸업학력평가(논문, 논문대체)」 폐지 공고]를 다음과 같이 안내드립니다.

이전에 안내드린 대로 컴퓨터과학과의 졸업학력평가(논문, 논문대체)는 2023학년도 2학기 부로 폐지되었습니다.

- 시행일자: 2023. 09. 01. (2023학년도 2학기 현재 재학생, 신·편입생, 휴학생, 수료생 등 전체 적용)







졸업예정자 및 학우분들께서는 다음 내용을 참고해주시기 바랍니다.










□ 졸업가능여부 조회 경로

홈페이지 로그인(맞춤정보) → 학사정보 → 졸업 → 졸업자격증소요학점조회

에서 '졸업가능여부' 란에 가능 또는 불가능 확인

※ 2학기 현재 수강 중인 학점은 2학기 종강 후에 반영됩니다.










□ 자주 묻는 질문

Q1.  이번 2학기까지 수강을 하면 130학점 이상을 이수할 예정입니다. 졸업을 하기 위해서 따로 신청해야 하는 절차가 있나요?

A1.  없습니다. 졸업소요학점인 130학점 이상을 취득하시면 2024년 2월에 자동으로 졸업이 됩니다.







Q2.  당장 2024년도 2월에 졸업을 원하지 않습니다. 졸업을 미루기 위한 방법이 있나요?

A2.  성적향상 등의 목적으로 '졸업유보' 신청을 하실 수 있습니다.

A2.  졸업요건을 충족하면 다음 학기에 수강신청과 등록을 하여도 자동졸업 되므로, 졸업을 원하지 않으면 반드시 졸업유보를 신청하여야 합니다.










관련 학과 공지사항:

- 컴퓨터과학과「졸업학력평가(논문, 논문대체)」폐지 예정 안내 (2023. 05. 11)

https://cs1.knou.ac.kr/bbs/cs1/2119/656288/artclView.do?layout=unknown




관련 학교 공지사항:

- [졸업논문] 졸업학력평가(논문, 논문대체) 변경 사항 안내 (2023학년도 2학기부터 적용) (2023. 05. 25.)

https://knou.ac.kr/bbs/knou/51/658041/artclView.do?layout=unknown




- [졸업] 2023학년도 전기 졸업(2024년 2월) 유보 신청 안내(재학생 및 휴학생) (2023. 09. 01)

https://knou.ac.kr/bbs/knou/51/669064/artclView.do?layout=unknown




- 졸업요건 및 졸업소요학점 안내 등 (https://knou.ac.kr/knou/209/subview.do)










문의: 컴퓨터과학과 (DP34@knou.ac.kr, ☎02-3668-4650)",https://cs.knou.ac.kr/bbs/cs1/2119/669531/artclView.do
757831,[K-MOOC] <컴퓨터로 여는 미래사회> 강좌 오픈,2025.06.25,"안녕하세요, 학우님

우리 학과 정재화 교수님께서 한국형 온라인 공개강의 K-MOOC에 참여하셨는데요.

<컴퓨터로 여는 미래사회>이라는 과목입니다. 2024년도에 이어 2025년도 1학기가 개강되었습니다.

 

앞으로 더욱 데이터와 IT기술이 중심이 되는 사회의 변화에 맞춰 필요한 정보를 효과적으로 생산하고 응용할 수 있게 돕고자 컴퓨터 지식 전반에 대한 내용을 이해하기 쉽고 재미있게 구성한 강좌입니다.

우리 학과의 수업 <컴퓨터의 이해>, <운영 체계> 등의 강의와도 밀접한 관련이 있으니,

관심있는 학우님들의 많은 수강 부탁드립니다. (무료)

 

K-MOOC <컴퓨터로 여는 미래사회> 수강신청 방법

 

1. K-MOOC 홈페이지에 접속, 회원가입을 합니다.

https://www.kmooc.kr/

 

2. K-MOOC 홈페이지 검색창에서 <컴퓨터로 여는 미래사회>라고 검색하거나 아래 수강신청 페이지에 접속합니다.

https://www.kmooc.kr/view/course/institution/knou

 

3. 강의를 재미있게 수강합니다

 

※ 유의사항

 

- 본 강의를 들으려면 K-MOOC 홈페이지에 가입해야 합니다

- 수강신청 기간은 25.6.2(월) ~ 25.12.31(금)이며,

- 운영기간은 25.6.2(월) ~ 25.12.31(수)입니다.(K-MOOC 홈페이지 기준)

1학기: 2025.6.2(월) ~ 2025.9.12.(금)

2학기: 2025.9.15(월) ~ 2025.12.31.(수)

- 컴퓨터과학과 학점과는 무관하며, 이수증도 학과와 무관합니다.",https://cs.knou.ac.kr/bbs/cs1/2119/757831/artclView.do
757079,"폭력예방교육 특강(성폭력, 가정폭력) 안내",2025.06.18,"안녕하세요 컴퓨터과학과입니다.




아래와 같이 폭력예방교육 특강을 준비하였으니 많은 신청 바랍니다.







가. 교육명: 폭력예방교육(성폭력·가정폭력)

나. 교육일시: 2025. 6. 26.(목) 19시 ~ 20시

다. 강사: 김문미(폭력예방통합교육 강사)

라. 대상: 자연과학대학 재학생 중 사전 신청자

마. 방법: 실시간 온라인 줌(ZOOM)

바. 교육신청: https://forms.gle/55Ew9nS94X2hMrQ58 또는 붙임문서의‘QR코드’스캔

   * 신청자에 한해 ZOOM 접속링크가 별도 안내됩니다.

사. 신청기간: 2025. 6. 16.(월) ~ 6. 24.(화)

 

붙임 홍보용 카드뉴스 1부.",https://cs.knou.ac.kr/bbs/cs1/2119/757079/artclView.do
755410,2025학년도 컴퓨터과학과 개설교과목 안내(변경사항 추가_250530),2025.05.30,"* 2025학년도 2학기 개설교과목에 대한 변경사항이 있어 추가 안내드립니다.*



안녕하세요,


한국방송통신대학교 컴퓨터과학과입니다.




2025학년도 컴퓨터과학과 개설교과목표를 첨부하여 드리오니, 

수강신청에 참고하여 주시기 바랍니다.




2025학년도 우리학과 교과과정 개편으로 인해 교과과정에 대한 문의가 있어

다음과 같이 현재 확정된 개편 현황을 설명드립니다. 





<2025학년도 교과과정 개편 현황>




  1) 1학년 1학기 C프로그래밍: 1학년 2학기로 개설학기 변경


  2) 1학년 1학기 세계의정치와경제(*관리학과: 문화교양학과) 신규 개설


  3) 1학년 2학기  C++프로그래밍:  폐지

  4) 2학년 2학기 오픈소스 기반 데이터 분석: 신규 개발


  5) 2학년 2학기 생활속의경제: '경제학의이해'(*관리학과: 교양교육원)로 과목명 변경 및 개편


  6) 2학년 2학기 철학의이해(*관리학과: 문화교양학과): 미편성





<추가 안내사항>

*파이썬프로그래밍기초 교과목의 교재는 2026학년도 1학기 출간 예정으로 변경되었습니다.

*개설학기 변경 된 'C프로그래밍' 과목은 2025학년도부터 이병래교수님 담당 과목으로 지정되었습니다. 

  C프로그래밍 강의매체(멀티미디어) 2025학년도 2학기에 신규 제작합니다.


* 출석수업 실험실습 교과목은 총 4과목 입니다.(C프로그래밍, 자료구조, JSP프로그래밍, 클라우드컴퓨팅)


<변경사항 안내>
* 기존 '파이썬 기반 데이터 분석' 과목의 교과목명이 '오픈소스 기반 데이터 분석'으로 최종 변경 되었습니다. 


* 멀티미디어시스템 2026학년도 폐강 예정으로 강의매체 신규 제작 취소되었습니다.  (현재 폐강 예정으로 확정 공지 추후 드리겠습니다.)







감사합니다.",https://cs.knou.ac.kr/bbs/cs1/2119/755410/artclView.do
754986,[2025학년도 충북지역대학 컴퓨터과학과 MT행사 세부 일정 안내],2025.05.26,"[2025학년도 충북지역대학 컴퓨터과학과 MT 행사 세부 일정 안내]





충북지역 컴퓨터과학과 학생들을 위한 동문과 재학생이 함께하는 1박2일 MT행사의 세부 일정을 공지합니다.

참가하시는 학우 및 동문 여러분들의 즐겁고 유쾌한 추억을 만들 수 있는 행사가 되었으면 좋겠습니다.




◎ 일시 : 6월 21일(토요일) ~ 22일(일요일), 1박 2일

◎ 장소 : 충주 소재 성산펜션

◎ 대상 : 충북지역 컴퓨터과학과 재학생 및 동문

◎ 문의 : 학생회장(공일공-이일칠삼-이공구육)

◎ 행사일정

시 간

	

내 용




1일차

	

14:00 ~ 18:30

	

최신 트렌드 발표

다양한 게임 및 이벤트를 통한 멤버십 증진




18:30 ~ 21:00

	

저녁식사




21:30 ~

	

자유시간 및 취침




2일차

	

08:30 ~ 10:00

	

기상 및 아침식사




10:00 ~ 12:00

	

주변 산책 또는 관광(탄금대 또는 중앙탑)




12:00 ~

	

점심식사(남산쭈꾸미) 후 해산







감사합니다.",https://cs.knou.ac.kr/bbs/cs1/2119/754986/artclView.do
754680,2025학년도 우수학습동아리경진대회 신청안내,2025.05.22,"안녕하세요. 컴퓨터과학과입니다.

 

다음과 같이 2025학년도 우수학습동아리경진대회를 진행할 예정이오니 학우님들의 많은 참여 바랍니다.

 

 




<2025 우수학습동아리경진대회 신청 안내>

 

 

1. 평가기간 : 2024년 2학기 ~ 2025년 1학기

 

2. 신청기간 : 2025.07.01. (월) ~ 07.31. (수)

 

3. 심사발표 : 2025. 8. 31.(일) 한마당대회 행사 당일 예정

 

4. 신청방법 : dp34@mail.knou.ac.kr 로 이메일 제출 (메일제목 : 우수학습동아리_지역대학명)

 

5. 제출파일: 첨부파일 2, 3, 4를 모두 작성하여 활동보고서 및 증빙서류와 함께 제출 ※ 미제출시 수여 대상에서 제외

 

6. 대회 관련 사항

 

- 학과에서 평가기준표를 기준으로 우수 학습동아리 심사/선정(첨부 1)

 

- 온/오프라인 활동이 있는 학습동아리에 한해서 격려 차원의 포상 지급.

 

- 우수학습동아리 평가 시 <2024 한마당축제> / <2025 SW경진대회> 참여도를 반영함.


 

- 구성원 중 한 명은 반드시 2025 한마당대회 (2025.8.30.(토) ~ 8.31.(일))에 참여하여야 함. (불참 시 차순위자에게 시상)

 

- 기일 내에 보고서를 제출한 학습동아리를 대상으로 함.

 

- 개인정보 활용 동의서는 학습동아리 구성원 각 개인의 동의를 요함.

 

 

 

[첨부파일]

 

1. 2025_우수학습동아리 평가기준표.hwp

 

2. 2025_우수학습동아리보고서.hwp

 

3. 2025_우수학습동아리구성원.xls

 

4. 2025_개인정보 활용 동의서.hwp

 

 

 

컴퓨터과학과 학우님들의 많은 관심과 신청 부탁 드립니다.

 

감사합니다.",https://cs.knou.ac.kr/bbs/cs1/2119/754680/artclView.do
752080,[공모전] 제17회 전자신문 ICT논문 공모대제전 안내,2025.05.01,"📢 [제17회 전자신문 ICT논문 공모대제전 안내]

전자신문이 주최하는 *「제17회 ICT논문 공모대제전」*이 개최됩니다.
ICT 분야에 관심 있는 대학(원)생 여러분의 많은 관심과 참여를 바랍니다!




📌 응모 주제
ICT 논문 및 정부통신기술 전 분야
(SW, HW, IoT, AI, 클라우드, 핀테크, 보안, 통신, 반도체 등)




📌 참가 자격

국내 4년제 대학 2~3학년 및 대학원 재학생(휴학생 포함)

주저자 및 공동저자 모두 참가자격 요건 충족 시 응모 가능




📌 공모 일정

접수 기간: 2025년 4월 1일 ~ 10월 17일

접수 방법: 공모전 홈페이지 접수
👉 https://contest.etnews.com/17th

제출 서류:
① 논문 원문, 요약문, 저작(출품)확인서
② 제출 형식: HWP 또는 MS Word (A4 5쪽 이상 권장), 요약문 2쪽 이내




📌 당선작 발표 및 시상

발표: 2025년 11월 17일 (전자신문 공모전 홈페이지 게시 및 개별 통보)

시상식: 2025년 12월 19일 예정 (추후 공지)




🏆 시상 내역 (총 14팀, 총 상금 4,800만원)

대상(1팀): 과학기술정보통신부 장관상 + 상금 1,500만원

최우수상(2팀): 각 500만원

우수상(6팀): 각 300만원

특별상(5팀): 각 100만원




📞 자세한 사항은 공모전 홈페이지를 참고해 주세요.




   여러분의 창의적인 연구와 도전을 기다립니다!",https://cs.knou.ac.kr/bbs/cs1/2119/752080/artclView.do
751729,고용노동부 IT교육 모집 안내(모집기간 연장),2025.04.28,"안녕하세요 컴퓨터과학과입니다.





고용노동부에서 시행하는 IT 교육 안내드립니다.

관심있는 학우님들께서는 아래 링크 접속하여 신청하시기 바랍니다.





📌 과  정  명 : 생성형 AI를 활용한 미디어 콘텐츠 크리에이터 캠프
📌 모집기간 : 25. 04. 07. ~ 25. 05. 18


📌 교육기간 : 25. 06. 23. ~ 25. 08. 22.

 📌 교육시간 : 09:00 ~ 18:00 (월 ~ 금, 주 5일)

 📌 교육장소 : 실시간 온라인 강의장(ZOOM)
 
✅ 내일배움카드 발급 및 수강 가능자
✅ 2개월간 온라인 수업 참여 가능자
✅ 수료 후 관련 분야로 취/창업 예정자
       ※ 비전공자 지원 가능
 
상세내역 홈페이지 



www.genai-hk.com



📢 상세 일정은 사정에 따라 변경될 수 있습니다.",https://cs.knou.ac.kr/bbs/cs1/2119/751729/artclView.do
751248,★ 2025 컴퓨터과학과 총장배 소프트웨어경진대회 공지사항 ★,2025.04.24,"2025 컴퓨터과학과 총장배 소프트웨어경진대회




대회 목적

	

  ▶컴퓨터과학과 재학생들의 소프트웨어 개발 능력 및 실무 관련 능력을 향상하고, 최신기술 및 지식 습득을 통하여 경쟁력을 높이는 기회를 제공함




참가대상

	

▶ 컴퓨터과학과 재학생만 참가 가능(2025학년도 1학기 기준)

▶ 복수전공자의 경우 주전공 컴퓨터과학과 학생만 가능




출품 분야

	

▶ 게임, 멀티미디어, 유틸리티, 모바일 앱 등 모든 응용 분야




가산점

	

▶ 컴퓨터과학과 교과과정에서 배운 수업 내용을 응용한 경우

▶ 팀(스터디 또는 학생회 등)으로 참가한 경우




유의사항


	

▶ 타인의 저작권을 침해하거나 도용한 작품 또는 회사 소유의 상업적으로 사용하는 작품은 응모할 수 없으며 추후 적발 시 입상 취소 및 민형사상의 책임을 물음.

▶ 출품작의 저작권은 참가자(또는 참가 팀)에게 있음. 다만, 학과는 출품작의 홍보, 전시 등을 위한 비영리적 사용권을 가질 수 있음.

▶ 출품작은 기본적으로 소스코드 공개를 원칙으로 함. 다만, 참가자의 요청 및 학과와 협의에 따라 소스코드 공개 수준을 선택할 수 있음.

▶ 출품작에 포함된 공개소스는 사용 내역과 라이선스 정보를 <참가신청서>에 명확히 표기하고, 라이선스 규정을 철저히 준수해야 함.




주요일정

	

참가 신청 및 작품 제출

	

2025. 5. 26.(월) ~ 7. 25.(금)


	

▶ 첨부파일 ‘소프트웨어경진대회참가신청서’ 제출

▶ 작품제출: 하단 「제출물」 참조

▶ 메일접수: dp34@mail.knou.ac.kr 

(메일제목에 [소프트웨어경진대회 참가 신청_ㅇㅇㅇ]으로 표기)

※ 대용량 시 CD 또는 USB로 우편 제출 또는 구글 드라이브 다운로드 링크 제출

주소: (03087) 서울 종로구 대학로 86 (동숭동) 한국방송통신대학교 본관 510호 컴퓨터과학과 사무실




1차 심사 발표

	

2025. 8. 8.(금)

	

▶ 학과 홈페이지 공지 및 개별연락




수상자 작품 전시 발표


	

2025.8. 30.(토)

	

▶ 전시방식: 온라인(링크 추후 공지)

▶ 전시대상: 전체 참가 작품(변동 가능)

▶ 발표대상: 대상, 금상, 은상, 동상 후보자(팀)

(작품설명 8분, 질의응답 5분)

※ 발표 당일 불참할 경우 심사에서 제외함

※ 발표 시간 초과시 바로 중단




시상

	

2025. 8. 31.(일)

	

▶ 상장, 부상 (입상자)

▶ 인기상 (참가팀 중 추첨)

※ 발표 당일 불참할 경우 시상에서 제외함




제출물

(심사 및 게재용)

	

▶ 참가신청서 작성 제출 (첨부파일 확인)

▶ 실행 가능 상태의 응용 프로그램, 실행 방법 및 소스파일

▶ 발표자료 파일(파워포인트, 시연 영상)

※ 자유 서식. 단, 개발목적 및 배경, 내용 및 방법, 프로그램의 구조, 실행 예, 결론은 반드시 포함 시킬 것




대회 당일

발표자 준비사항

	

▶ 작품설명 동영상 (사전에 개별 공지)

▶ 대회 시작 30분전까지 발표 사전준비 완료
(발표자료, 영상자료 등 발표시 필요한 모든 자료 상태 점검 등)




기타

	

▶ 장려상 입상자의 경우 작품 발표 없이 시상만 진행할 예정임.

▶ 총장상을 제외한 학과 차원에서 시상하는 상장은 교내 포상내역에 미등재됨.

▶ 2인 이상 팀 접수의 경우 상장 및 부상은 대표자 1인에게만 교부

▶ 상금 및 상품은 학과운영 상황에 따라 변경 될 수 있음




문의

	

▶ 컴퓨터과학과 사무실: 02-3668-4650 




첨부파일

	

▶ 소프트웨어경진대회 참가신청서",https://cs.knou.ac.kr/bbs/cs1/2119/751248/artclView.do
751729,고용노동부 IT교육 모집 안내(모집기간 연장),2025-04-28,"안녕하세요 컴퓨터과학과입니다.





고용노동부에서 시행하는 IT 교육 안내드립니다.

관심있는 학우님들께서는 아래 링크 접속하여 신청하시기 바랍니다.





📌 과  정  명 : 생성형 AI를 활용한 미디어 콘텐츠 크리에이터 캠프
📌 모집기간 : 25. 04. 07. ~ 25. 05. 18


📌 교육기간 : 25. 06. 23. ~ 25. 08. 22.

 📌 교육시간 : 09:00 ~ 18:00 (월 ~ 금, 주 5일)

 📌 교육장소 : 실시간 온라인 강의장(ZOOM)
 
✅ 내일배움카드 발급 및 수강 가능자
✅ 2개월간 온라인 수업 참여 가능자
✅ 수료 후 관련 분야로 취/창업 예정자
       ※ 비전공자 지원 가능
 
상세내역 홈페이지 



www.genai-hk.com



📢 상세 일정은 사정에 따라 변경될 수 있습니다.",https://cs.knou.ac.kr/bbs/cs1/2119/751729/artclView.do
751248,★ 2025 컴퓨터과학과 총장배 소프트웨어경진대회 공지사항 ★,2025-04-24,"2025 컴퓨터과학과 총장배 소프트웨어경진대회




대회 목적

	

  ▶컴퓨터과학과 재학생들의 소프트웨어 개발 능력 및 실무 관련 능력을 향상하고, 최신기술 및 지식 습득을 통하여 경쟁력을 높이는 기회를 제공함




참가대상

	

▶ 컴퓨터과학과 재학생만 참가 가능(2025학년도 1학기 기준)

▶ 복수전공자의 경우 주전공 컴퓨터과학과 학생만 가능




출품 분야

	

▶ 게임, 멀티미디어, 유틸리티, 모바일 앱 등 모든 응용 분야




가산점

	

▶ 컴퓨터과학과 교과과정에서 배운 수업 내용을 응용한 경우

▶ 팀(스터디 또는 학생회 등)으로 참가한 경우




유의사항


	

▶ 타인의 저작권을 침해하거나 도용한 작품 또는 회사 소유의 상업적으로 사용하는 작품은 응모할 수 없으며 추후 적발 시 입상 취소 및 민형사상의 책임을 물음.

▶ 출품작의 저작권은 참가자(또는 참가 팀)에게 있음. 다만, 학과는 출품작의 홍보, 전시 등을 위한 비영리적 사용권을 가질 수 있음.

▶ 출품작은 기본적으로 소스코드 공개를 원칙으로 함. 다만, 참가자의 요청 및 학과와 협의에 따라 소스코드 공개 수준을 선택할 수 있음.

▶ 출품작에 포함된 공개소스는 사용 내역과 라이선스 정보를 <참가신청서>에 명확히 표기하고, 라이선스 규정을 철저히 준수해야 함.




주요일정

	

참가 신청 및 작품 제출

	

2025. 5. 26.(월) ~ 7. 25.(금)


	

▶ 첨부파일 ‘소프트웨어경진대회참가신청서’ 제출

▶ 작품제출: 하단 「제출물」 참조

▶ 메일접수: dp34@mail.knou.ac.kr 

(메일제목에 [소프트웨어경진대회 참가 신청_ㅇㅇㅇ]으로 표기)

※ 대용량 시 CD 또는 USB로 우편 제출 또는 구글 드라이브 다운로드 링크 제출

주소: (03087) 서울 종로구 대학로 86 (동숭동) 한국방송통신대학교 본관 510호 컴퓨터과학과 사무실




1차 심사 발표

	

2025. 8. 8.(금)

	

▶ 학과 홈페이지 공지 및 개별연락




수상자 작품 전시 발표


	

2025.8. 30.(토)

	

▶ 전시방식: 온라인(링크 추후 공지)

▶ 전시대상: 전체 참가 작품(변동 가능)

▶ 발표대상: 대상, 금상, 은상, 동상 후보자(팀)

(작품설명 8분, 질의응답 5분)

※ 발표 당일 불참할 경우 심사에서 제외함

※ 발표 시간 초과시 바로 중단




시상

	

2025. 8. 31.(일)

	

▶ 상장, 부상 (입상자)

▶ 인기상 (참가팀 중 추첨)

※ 발표 당일 불참할 경우 시상에서 제외함




제출물

(심사 및 게재용)

	

▶ 참가신청서 작성 제출 (첨부파일 확인)

▶ 실행 가능 상태의 응용 프로그램, 실행 방법 및 소스파일

▶ 발표자료 파일(파워포인트, 시연 영상)

※ 자유 서식. 단, 개발목적 및 배경, 내용 및 방법, 프로그램의 구조, 실행 예, 결론은 반드시 포함 시킬 것




대회 당일

발표자 준비사항

	

▶ 작품설명 동영상 (사전에 개별 공지)

▶ 대회 시작 30분전까지 발표 사전준비 완료
(발표자료, 영상자료 등 발표시 필요한 모든 자료 상태 점검 등)




기타

	

▶ 장려상 입상자의 경우 작품 발표 없이 시상만 진행할 예정임.

▶ 총장상을 제외한 학과 차원에서 시상하는 상장은 교내 포상내역에 미등재됨.

▶ 2인 이상 팀 접수의 경우 상장 및 부상은 대표자 1인에게만 교부

▶ 상금 및 상품은 학과운영 상황에 따라 변경 될 수 있음




문의

	

▶ 컴퓨터과학과 사무실: 02-3668-4650 




첨부파일

	

▶ 소프트웨어경진대회 참가신청서",https://cs.knou.ac.kr/bbs/cs1/2119/751248/artclView.do
735327,★ 2025학년도 1학기 컴퓨터과학과 튜터 및 학생회 & 스터디 명단 ★,2025-01-24,"안녕하세요.

컴퓨터과학과입니다.




2025학년도 1학기 컴퓨터과학과 튜터 및 학생회 & 스터디 명단을 공개하오니 참고하시기 바랍니다.


감사합니다.







<2025학년도 1학기 컴퓨터과학과 튜터 명단>




학년	1학년 과목	과목담당교수
1	

유비쿼터스컴퓨팅개론

	

정광식




파이썬프로그래밍기초

	

정재화




지역 구분

	

성명




서울,부산

	

김남희




서울남부,인천,대전충남,울산

	

민정숙





경기,강원,충북,경남,광주전남,제주

	

서경애




총계

	

3명







학년

	

2학년 과목

	

과목담당교수

	







2

	

HTML5웹프로그래밍

	

김희천

	







Java프로그래밍

	

이관용

	







지역 구분

	

성명

	

SNS




전 지역

	

문영준

	

다음




총계

	

1명

	










학년

	

3학년 과목

	

과목담당교수




3

	

알고리즘

	

이관용




인공지능

	

이병래




지역 구분

	

성명




서울,충북

	

박명철




경기,부산

	

김대현




인천,울산,광주전남

	

신은섭




서울남부

	

은인기




서울서부,강원,대전충남

	

김 룡




경기성남,경남

	

신정화




서울남부,제주

	

송명식




서울

	

윤성림




서울북부,인천부천

	

강신배




경기안양/안산,대구경북,전북

	

황금숙




총계

	

10명
















<2025학년도 1학기 컴퓨터과학과 스터디 명단>







지역

	

명칭

	

참여

구분

	

임원

	

홈페이지




서울

	

비트앤바이트스터디

(BNB 스터디)

	

전학년

	

이현주


	

사이트




한우리스터디

	

전학년

	

진주영

	

카페




Growth Log

	

전학년

	

안혜린

	

사이트




인천

	

ICCS

	

전학년

	

하진수

	

카페




경기

	

COM++

	

전학년

	

이효재

	

카카오톡




경남

	

CP-U

	

전학년

	

이요성

	

카페




대구 경북

	

블루스크린

	

전학년

	

김영화

	










<2025학년도 1학기 컴퓨터과학과 학생회 명단>




지역 구분

	

성명

	

SNS 링크




서울

	

도은경

	

오픈채팅

(knoucs)




밴드




경기

	

이효재

	

오픈채팅




카페




인천

	

하진수

	

오픈채팅




카페




강원

	

김정원

	

오픈채팅




대전충남

	

이재헌


	

오픈채팅




충북

	

채경아

	

오픈채팅




대구경북

	

김영화


	

오픈채팅




경남

	

이요성

	

카페




울산

	

김효정

	

오픈채팅




광주전남

	

강솔빈

	

오픈채팅
(knou2025)




부산

	

송태성

	







제주

	

오성민

	

오픈채팅",https://cs.knou.ac.kr/bbs/cs1/2119/735327/artclView.do
734206,2025학년도 컴퓨터과학과 개설교과목 안내(변경사항 추가_250530),2025-01-16,"안녕하세요,

한국방송통신대학교 컴퓨터과학과입니다.




2025학년도 컴퓨터과학과 개설교과목표를 첨부하여 드리오니, 

수강신청에 참고하여 주시기 바랍니다.




2025학년도 우리학과 교과과정 개편으로 인해 교과과정에 대한 문의가 있어

다음과 같이 현재 확정된 개편 현황을 설명드립니다. 





<2025학년도 교과과정 개편 현황>




  1) 1학년 1학기 C프로그래밍: 1학년 2학기로 개설학기 변경


  2) 1학년 1학기 세계의정치와경제(*관리학과: 문화교양학과) 신규 개설


  3) 1학년 2학기  C++프로그래밍:  폐지

  4) 2학년 2학기 오픈소스 기반 데이터 분석: 신규 개발


  5) 2학년 2학기 생활속의경제: '경제학의이해'(*관리학과: 교양교육원)로 과목명 변경 및 개편


  6) 2학년 2학기 철학의이해(*관리학과: 문화교양학과): 미편성





<추가 안내사항>

*파이썬프로그래밍기초 교과목의 교재는 2026학년도 1학기 출간 예정으로 변경되었습니다.

*개설학기 변경 된 'C프로그래밍' 과목은 2025학년도부터 이병래교수님 담당 과목으로 지정되었습니다. 

  C프로그래밍 강의매체(멀티미디어) 2025학년도 2학기에 신규 제작합니다.



<변경사항 안내>
* 기존 '파이썬 기반 데이터 분석' 과목의 교과목명이 '오픈소스 기반 데이터 분석'으로 최종 변경 되었습니다. 


* 멀티미디어시스템 2026학년도 폐강 예정으로 강의매체 신규 제작 취소되었습니다.  (현재 폐강 예정으로 확정 공지 추후 드리겠습니다.)




* 첨부된 '동일인정교과목(통합교과) 재이수 기준' 파일에서 [재이수] 및 [대체이수] 취득성적 기준이 변경되어 수정되었으므로 확인 부탁드립니다.








감사합니다.",https://cs.knou.ac.kr/bbs/cs1/2119/734206/artclView.do
669531,"컴퓨터과학과「졸업학력평가(논문, 논문대체)」폐지 공고",2023-09-04,"컴퓨터과학과 「졸업학력평가(논문, 논문대체)」 폐지 공고







안녕하세요,

한국방송통신대학교 컴퓨터과학과입니다.




[컴퓨터과학과 「졸업학력평가(논문, 논문대체)」 폐지 공고]를 다음과 같이 안내드립니다.

이전에 안내드린 대로 컴퓨터과학과의 졸업학력평가(논문, 논문대체)는 2023학년도 2학기 부로 폐지되었습니다.

- 시행일자: 2023. 09. 01. (2023학년도 2학기 현재 재학생, 신·편입생, 휴학생, 수료생 등 전체 적용)







졸업예정자 및 학우분들께서는 다음 내용을 참고해주시기 바랍니다.










□ 졸업가능여부 조회 경로

홈페이지 로그인(맞춤정보) → 학사정보 → 졸업 → 졸업자격증소요학점조회

에서 '졸업가능여부' 란에 가능 또는 불가능 확인

※ 2학기 현재 수강 중인 학점은 2학기 종강 후에 반영됩니다.










□ 자주 묻는 질문

Q1.  이번 2학기까지 수강을 하면 130학점 이상을 이수할 예정입니다. 졸업을 하기 위해서 따로 신청해야 하는 절차가 있나요?

A1.  없습니다. 졸업소요학점인 130학점 이상을 취득하시면 2024년 2월에 자동으로 졸업이 됩니다.







Q2.  당장 2024년도 2월에 졸업을 원하지 않습니다. 졸업을 미루기 위한 방법이 있나요?

A2.  성적향상 등의 목적으로 '졸업유보' 신청을 하실 수 있습니다.

A2.  졸업요건을 충족하면 다음 학기에 수강신청과 등록을 하여도 자동졸업 되므로, 졸업을 원하지 않으면 반드시 졸업유보를 신청하여야 합니다.










관련 학과 공지사항:

- 컴퓨터과학과「졸업학력평가(논문, 논문대체)」폐지 예정 안내 (2023. 05. 11)

https://cs1.knou.ac.kr/bbs/cs1/2119/656288/artclView.do?layout=unknown




관련 학교 공지사항:

- [졸업논문] 졸업학력평가(논문, 논문대체) 변경 사항 안내 (2023학년도 2학기부터 적용) (2023. 05. 25.)

https://knou.ac.kr/bbs/knou/51/658041/artclView.do?layout=unknown




- [졸업] 2023학년도 전기 졸업(2024년 2월) 유보 신청 안내(재학생 및 휴학생) (2023. 09. 01)

https://knou.ac.kr/bbs/knou/51/669064/artclView.do?layout=unknown




- 졸업요건 및 졸업소요학점 안내 등 (https://knou.ac.kr/knou/209/subview.do)










문의: 컴퓨터과학과 (DP34@knou.ac.kr, ☎02-3668-4650)",https://cs.knou.ac.kr/bbs/cs1/2119/669531/artclView.do
748382,[2025학년도 충북지역 컴퓨터과학과 MT 행사 안내],2025.04.08,"[2025학년도 충북지역 컴퓨터과학과 MT   행사 안내]




안녕하세요. 충북지역 컴퓨터과학과 학생회입니다.

충북지역 컴퓨터과학과 학생들을 위한 동문과 재학생이 함께하는 1박2일 MT행사를 개최합니다.

또한, 김진욱 교수님께서 참석하실 예정이니 많은 분들이 참여하셔서 즐겁고 유쾌한 추억과 좋은 인연 만들어 가시기 바랍니다.

신청은 5월 11일(일) 오후 8시까지이고 아래 안내된 링크로 신청해주시기 바랍니다.

학우 여러분의 적극적인 참여와 다양한 의견 기다리겠습니다.




◎ 일시 : 6월 21일(토요일) ~ 22일(일요일), 1박2일

◎ 장소 : 충주소재  성산펜션

◎ 대상 : 충북지역 컴퓨터과학과 재학생

◎ 문의 및 신청

- 문의 : 학생회장(공일공-이일칠삼-이공구육)

- 신청 : 5월 11일(일) 오후 8시 종료 https://forms.gle/ZzqQi8RswWqGRRAd9

◎ 행사일정(추후 공지)

◎ 준비물 : 참가비(4만원)와 충북지역 컴퓨터과학과를 사랑하는 마음",https://cs.knou.ac.kr/bbs/cs1/2119/748382/artclView.do
747343,★ 서울지역대학 학과 튜터 특강 안내 ★,2025.04.03,"★서울지역대학 학과 튜터 특강 안내★




일시 : 4월6일(일) 15:00 ~ 18:00

내용 : 주요 학사안내 + 파이썬프로그래밍기초 첫걸음

대상 : 컴퓨터과학과 1학년 재학생

준비 : 학번 메모 + 오프라인 강의 보충자료(빔프로젝트 사용 예정)

장소 : 서울지역대학 7층 713호(2호선 뚝섬역 8번출구 바로 옆 위치)




오프라인 강의 보충자료 : http://cafe.naver.com/cscom

→ 오프라인 강의 하루 전에 파이썬 프로그래밍 기초 게시판에 오프라인 강의 보충자료 업로드 예정입니다.




※ 오프라인 강의는 학생들의 학업에 도움을 드리고자 진행하는 수업으로 소속지역대학에 상관없이 참석하시면 됩니다.  먼저 도착하신 학생은 강의실이 닫혀 있는 경우 행정실(학생서비스센터)이나 경비실에 문의하시기 바랍니다.  관심있는 학우 여러분의 많은 참여 부탁드립니다.",https://cs.knou.ac.kr/bbs/cs1/2119/747343/artclView.do
742927,[공지/과제물] 2025학년도 1학기 인공지능 중간과제물 과제물 지시사항 수정 안내,2025.03.14,"2025학년도 1학기 인공지능 교과목 중간과제물 과제물 지시사항에 오탈자가 있어 과제명 수정되었습니다.




학우님들께서는 변경된 지시사항 확인하시어 과제물 작성에 참고하시기 바랍니다.

*학사정보 내 과제명 다운로드 및 [인공지능] 학습상담 게시판에서 변경된 과제명 파일 확인 가능





[과제물 지시사항 변경내용]

탐색트리는 3강 멀티미디어 강의의 30번 슬라이드와 같이 작성한다.

→ 탐색트리는 3강 멀티미디어 강의의 29번 슬라이드와 같이 작성한다.




감사합니다.",https://cs.knou.ac.kr/bbs/cs1/2119/742927/artclView.do
742021,[서울지역대학] 컴퓨터과학과 튜터 특강 자료(3.9.(일) 이산수학 기초 특강),2025.03.10,"학우님, 안녕하세요.

컴퓨터과학과입니다. 




지난 주말 서울지역대학에서 실시 되었던 컴퓨터과학과 문영준튜터님 특강 자료 업로드하였습니다. 





특강에 많은 학우님들께서 관심과 참여해 주셔서 감사드립니다. 




이산수학 기초특강 핵심정리와 100문제 파일 입니다.




학습에 활용하여 주시면 되겠습니다. 




감사합니다.",https://cs.knou.ac.kr/bbs/cs1/2119/742021/artclView.do
741069,[공지/출석수업] 2학년 이산수학 출석수업 일정 변경 안내(강릉시학습관),2025.03.06,"안녕하세요.

컴퓨터과학과입니다. 




3월 짧은 연휴를 끝으로 학기가 시작되었습니다. 

학우님 모두 연휴 즐겁게 보내시고 새학기를 맞이하셨기를 바랍니다.




2학년 이산수학 출석수업 운영과 관련하여 변경사항이 있어 안내드립니다. 




2학년 이산수학 교과목 지역통합화상강의로 운영 예정이었던 강릉시학습관에서의 수업일정이 변경되었습니다. 




기존 : 3월15일(토) 3교시(16:00~18:50) 울산, 강릉, 창원 지역통합 화상강의 // 강의교수: 손진곤교수님





변경: 4월5일(토) 1교시(09:00~11:50) 강릉시학습관 대면 출석수업 // 강의교수: 손진곤교수님




기존 수업일정의 수강인원이 300명이 초과하게 되면서 강릉시학습관은 4월5일(토) 9시에 대면 출석수업으로 변경하게 되었습니다. 




원활한 수업 운영을 위하여 위와 같이 변경하게 된 점 학우님들의 너그러운 이해 부탁드리며, 변경된 일정에 출석하실 수 있도록 

일정 조율에 협조하여 주시면 감사하겠습니다.




아울러, 강릉 소속이 아닌 학우님들은 본래 소속 지역대학의 출석수업 일정으로 변경하여 출석수업에 참여하는 방향으로 

협조 요청드리며, 모든 일정이 불가능한 학우님들께서는 출석수업대체평가로 유형 변경하는 방안을 참고하여 주시길 부탁드립니다.





감사합니다.",https://cs.knou.ac.kr/bbs/cs1/2119/741069/artclView.do
740708,연합스터디 공지,2025.03.05,"장소 : Zoom(온라인)

링크 : https://us06web.zoom.us/j/4593713664

회의 ID : 459 371 3664

암호 : 2025CS",https://cs.knou.ac.kr/bbs/cs1/2119/740708/artclView.do
740700,★ 학습설명회 ★,2025.03.05,"일시 : 3월 9일 (일요일) 오후 8시

장소 : Zoom(온라인)

링크 : https://us06web.zoom.us/j/82319921259?pwd=9naHrfuqclsOz9Ijb5rByX5K6yK6f6.1

회의 ID : 823 1992 1259

암호 : Cs2025",https://cs.knou.ac.kr/bbs/cs1/2119/740700/artclView.do
738251,[서울지역대학] 컴퓨터과학과 튜터 특강 안내 (3.9.(일)),2025.02.19,"학우님, 안녕하세요.

컴퓨터과학과입니다. 




서울지역대학에서 있을 컴퓨터과학과 튜터 특강 안내드립니다. 







일시 : 3월 9일(일요일) 1차: 오전10시~오후1시, 2차: 오후 2시~5시




강의 내용 : 이산수학 기초 특강 (핵심 기초 내용 정리)




대상: 이산수학 수강하는 학생 누구나





준비물 : 필기 도구


장소 : 한국방송통신대학교 서울지역대학 713호(지하철 2호선 뚝섬역 하차)


강의 : 문영준튜터



* 1차와 2차는 같은 내용을 두 번 하는 것 입니다.




특강과 관련하여 궁금하신 점은 문영준튜터선생님께 아래 메일 주소로 문의해주시면 되겠습니다.




E-mail: yjmoonkorea@gmail.com




감사합니다.",https://cs.knou.ac.kr/bbs/cs1/2119/738251/artclView.do
735327,★ 2025학년도 1학기 컴퓨터과학과 튜터 및 학생회 & 스터디 명단 ★,2025.01.24,"안녕하세요.

컴퓨터과학과입니다.




2025학년도 1학기 컴퓨터과학과 튜터 및 학생회 & 스터디 명단을 공개하오니 참고하시기 바랍니다.


감사합니다.







<2025학년도 1학기 컴퓨터과학과 튜터 명단>




학년	1학년 과목	과목담당교수
1	

유비쿼터스컴퓨팅개론

	

정광식




파이썬프로그래밍기초

	

정재화




지역 구분

	

성명




서울,부산

	

김남희




서울남부,인천,대전충남,울산

	

민정숙





경기,강원,충북,경남,광주전남,제주

	

서경애




총계

	

3명







학년

	

2학년 과목

	

과목담당교수

	







2

	

HTML5웹프로그래밍

	

김희천

	







Java프로그래밍

	

이관용

	







지역 구분

	

성명

	

SNS




전 지역

	

문영준

	

다음




총계

	

1명

	










학년

	

3학년 과목

	

과목담당교수




3

	

알고리즘

	

이관용




인공지능

	

이병래




지역 구분

	

성명




서울,충북

	

박명철




경기,부산

	

김대현




인천,울산,광주전남

	

신은섭




서울남부

	

은인기




서울서부,강원,대전충남

	

김 룡




경기성남,경남

	

신정화




서울남부,제주

	

송명식




서울

	

윤성림




서울북부,인천부천

	

강신배




경기안양/안산,대구경북,전북

	

황금숙




총계

	

10명
















<2025학년도 1학기 컴퓨터과학과 스터디 명단>







지역

	

명칭

	

참여

구분

	

임원

	

홈페이지




서울

	

비트앤바이트스터디

(BNB 스터디)

	

전학년

	

이현주


	

사이트




한우리스터디

	

전학년

	

진주영

	

카페




Growth Log

	

전학년

	

안혜린

	

사이트




인천

	

ICCS

	

전학년

	

하진수

	

카페




경기

	

COM++

	

전학년

	

이효재

	

카카오톡




경남

	

CP-U

	

전학년

	

이요성

	

카페




대구 경북

	

블루스크린

	

전학년

	

김영화

	










<2025학년도 1학기 컴퓨터과학과 학생회 명단>




지역 구분

	

성명

	

SNS 링크




서울

	

도은경

	

오픈채팅

(knoucs)




밴드




경기

	

이효재

	

오픈채팅




카페




인천

	

하진수

	

오픈채팅




카페




강원

	

김정원

	

오픈채팅




대전충남

	

이재헌


	

오픈채팅




충북

	

채경아

	

오픈채팅




대구경북

	

김영화


	

오픈채팅




경남

	

이요성

	

카페




울산

	

김효정

	

오픈채팅




광주전남

	

강솔빈

	

오픈채팅
(knou2025)




부산

	

송태성

	







제주

	

오성민

	

오픈채팅",https://cs.knou.ac.kr/bbs/cs1/2119/735327/artclView.do
751729,고용노동부 IT교육 모집 안내(모집기간 연장),2025-04-28,"안녕하세요 컴퓨터과학과입니다.





고용노동부에서 시행하는 IT 교육 안내드립니다.

관심있는 학우님들께서는 아래 링크 접속하여 신청하시기 바랍니다.





📌 과  정  명 : 생성형 AI를 활용한 미디어 콘텐츠 크리에이터 캠프
📌 모집기간 : 25. 04. 07. ~ 25. 05. 18


📌 교육기간 : 25. 06. 23. ~ 25. 08. 22.

 📌 교육시간 : 09:00 ~ 18:00 (월 ~ 금, 주 5일)

 📌 교육장소 : 실시간 온라인 강의장(ZOOM)
 
✅ 내일배움카드 발급 및 수강 가능자
✅ 2개월간 온라인 수업 참여 가능자
✅ 수료 후 관련 분야로 취/창업 예정자
       ※ 비전공자 지원 가능
 
상세내역 홈페이지 



www.genai-hk.com



📢 상세 일정은 사정에 따라 변경될 수 있습니다.",https://cs.knou.ac.kr/bbs/cs1/2119/751729/artclView.do
751248,★ 2025 컴퓨터과학과 총장배 소프트웨어경진대회 공지사항 ★,2025-04-24,"2025 컴퓨터과학과 총장배 소프트웨어경진대회




대회 목적

	

  ▶컴퓨터과학과 재학생들의 소프트웨어 개발 능력 및 실무 관련 능력을 향상하고, 최신기술 및 지식 습득을 통하여 경쟁력을 높이는 기회를 제공함




참가대상

	

▶ 컴퓨터과학과 재학생만 참가 가능(2025학년도 1학기 기준)

▶ 복수전공자의 경우 주전공 컴퓨터과학과 학생만 가능




출품 분야

	

▶ 게임, 멀티미디어, 유틸리티, 모바일 앱 등 모든 응용 분야




가산점

	

▶ 컴퓨터과학과 교과과정에서 배운 수업 내용을 응용한 경우

▶ 팀(스터디 또는 학생회 등)으로 참가한 경우




유의사항


	

▶ 타인의 저작권을 침해하거나 도용한 작품 또는 회사 소유의 상업적으로 사용하는 작품은 응모할 수 없으며 추후 적발 시 입상 취소 및 민형사상의 책임을 물음.

▶ 출품작의 저작권은 참가자(또는 참가 팀)에게 있음. 다만, 학과는 출품작의 홍보, 전시 등을 위한 비영리적 사용권을 가질 수 있음.

▶ 출품작은 기본적으로 소스코드 공개를 원칙으로 함. 다만, 참가자의 요청 및 학과와 협의에 따라 소스코드 공개 수준을 선택할 수 있음.

▶ 출품작에 포함된 공개소스는 사용 내역과 라이선스 정보를 <참가신청서>에 명확히 표기하고, 라이선스 규정을 철저히 준수해야 함.




주요일정

	

참가 신청 및 작품 제출

	

2025. 5. 26.(월) ~ 7. 25.(금)


	

▶ 첨부파일 ‘소프트웨어경진대회참가신청서’ 제출

▶ 작품제출: 하단 「제출물」 참조

▶ 메일접수: dp34@mail.knou.ac.kr 

(메일제목에 [소프트웨어경진대회 참가 신청_ㅇㅇㅇ]으로 표기)

※ 대용량 시 CD 또는 USB로 우편 제출 또는 구글 드라이브 다운로드 링크 제출

주소: (03087) 서울 종로구 대학로 86 (동숭동) 한국방송통신대학교 본관 510호 컴퓨터과학과 사무실




1차 심사 발표

	

2025. 8. 8.(금)

	

▶ 학과 홈페이지 공지 및 개별연락




수상자 작품 전시 발표


	

2025.8. 30.(토)

	

▶ 전시방식: 온라인(링크 추후 공지)

▶ 전시대상: 전체 참가 작품(변동 가능)

▶ 발표대상: 대상, 금상, 은상, 동상 후보자(팀)

(작품설명 8분, 질의응답 5분)

※ 발표 당일 불참할 경우 심사에서 제외함

※ 발표 시간 초과시 바로 중단




시상

	

2025. 8. 31.(일)

	

▶ 상장, 부상 (입상자)

▶ 인기상 (참가팀 중 추첨)

※ 발표 당일 불참할 경우 시상에서 제외함




제출물

(심사 및 게재용)

	

▶ 참가신청서 작성 제출 (첨부파일 확인)

▶ 실행 가능 상태의 응용 프로그램, 실행 방법 및 소스파일

▶ 발표자료 파일(파워포인트, 시연 영상)

※ 자유 서식. 단, 개발목적 및 배경, 내용 및 방법, 프로그램의 구조, 실행 예, 결론은 반드시 포함 시킬 것




대회 당일

발표자 준비사항

	

▶ 작품설명 동영상 (사전에 개별 공지)

▶ 대회 시작 30분전까지 발표 사전준비 완료
(발표자료, 영상자료 등 발표시 필요한 모든 자료 상태 점검 등)




기타

	

▶ 장려상 입상자의 경우 작품 발표 없이 시상만 진행할 예정임.

▶ 총장상을 제외한 학과 차원에서 시상하는 상장은 교내 포상내역에 미등재됨.

▶ 2인 이상 팀 접수의 경우 상장 및 부상은 대표자 1인에게만 교부

▶ 상금 및 상품은 학과운영 상황에 따라 변경 될 수 있음




문의

	

▶ 컴퓨터과학과 사무실: 02-3668-4650 




첨부파일

	

▶ 소프트웨어경진대회 참가신청서",https://cs.knou.ac.kr/bbs/cs1/2119/751248/artclView.do
735327,★ 2025학년도 1학기 컴퓨터과학과 튜터 및 학생회 & 스터디 명단 ★,2025-01-24,"안녕하세요.

컴퓨터과학과입니다.




2025학년도 1학기 컴퓨터과학과 튜터 및 학생회 & 스터디 명단을 공개하오니 참고하시기 바랍니다.


감사합니다.







<2025학년도 1학기 컴퓨터과학과 튜터 명단>




학년	1학년 과목	과목담당교수
1	

유비쿼터스컴퓨팅개론

	

정광식




파이썬프로그래밍기초

	

정재화




지역 구분

	

성명




서울,부산

	

김남희




서울남부,인천,대전충남,울산

	

민정숙





경기,강원,충북,경남,광주전남,제주

	

서경애




총계

	

3명







학년

	

2학년 과목

	

과목담당교수

	







2

	

HTML5웹프로그래밍

	

김희천

	







Java프로그래밍

	

이관용

	







지역 구분

	

성명

	

SNS




전 지역

	

문영준

	

다음




총계

	

1명

	










학년

	

3학년 과목

	

과목담당교수




3

	

알고리즘

	

이관용




인공지능

	

이병래




지역 구분

	

성명




서울,충북

	

박명철




경기,부산

	

김대현




인천,울산,광주전남

	

신은섭




서울남부

	

은인기




서울서부,강원,대전충남

	

김 룡




경기성남,경남

	

신정화




서울남부,제주

	

송명식




서울

	

윤성림




서울북부,인천부천

	

강신배




경기안양/안산,대구경북,전북

	

황금숙




총계

	

10명
















<2025학년도 1학기 컴퓨터과학과 스터디 명단>







지역

	

명칭

	

참여

구분

	

임원

	

홈페이지




서울

	

비트앤바이트스터디

(BNB 스터디)

	

전학년

	

이현주


	

사이트




한우리스터디

	

전학년

	

진주영

	

카페




Growth Log

	

전학년

	

안혜린

	

사이트




인천

	

ICCS

	

전학년

	

하진수

	

카페




경기

	

COM++

	

전학년

	

이효재

	

카카오톡




경남

	

CP-U

	

전학년

	

이요성

	

카페




대구 경북

	

블루스크린

	

전학년

	

김영화

	










<2025학년도 1학기 컴퓨터과학과 학생회 명단>




지역 구분

	

성명

	

SNS 링크




서울

	

도은경

	

오픈채팅

(knoucs)




밴드




경기

	

이효재

	

오픈채팅




카페




인천

	

하진수

	

오픈채팅




카페




강원

	

김정원

	

오픈채팅




대전충남

	

이재헌


	

오픈채팅




충북

	

채경아

	

오픈채팅




대구경북

	

김영화


	

오픈채팅




경남

	

이요성

	

카페




울산

	

김효정

	

오픈채팅




광주전남

	

강솔빈

	

오픈채팅
(knou2025)




부산

	

송태성

	







제주

	

오성민

	

오픈채팅",https://cs.knou.ac.kr/bbs/cs1/2119/735327/artclView.do
734206,2025학년도 컴퓨터과학과 개설교과목 안내(변경사항 추가_250530),2025-01-16,"안녕하세요,

한국방송통신대학교 컴퓨터과학과입니다.




2025학년도 컴퓨터과학과 개설교과목표를 첨부하여 드리오니, 

수강신청에 참고하여 주시기 바랍니다.




2025학년도 우리학과 교과과정 개편으로 인해 교과과정에 대한 문의가 있어

다음과 같이 현재 확정된 개편 현황을 설명드립니다. 





<2025학년도 교과과정 개편 현황>




  1) 1학년 1학기 C프로그래밍: 1학년 2학기로 개설학기 변경


  2) 1학년 1학기 세계의정치와경제(*관리학과: 문화교양학과) 신규 개설


  3) 1학년 2학기  C++프로그래밍:  폐지

  4) 2학년 2학기 오픈소스 기반 데이터 분석: 신규 개발


  5) 2학년 2학기 생활속의경제: '경제학의이해'(*관리학과: 교양교육원)로 과목명 변경 및 개편


  6) 2학년 2학기 철학의이해(*관리학과: 문화교양학과): 미편성





<추가 안내사항>

*파이썬프로그래밍기초 교과목의 교재는 2026학년도 1학기 출간 예정으로 변경되었습니다.

*개설학기 변경 된 'C프로그래밍' 과목은 2025학년도부터 이병래교수님 담당 과목으로 지정되었습니다. 

  C프로그래밍 강의매체(멀티미디어) 2025학년도 2학기에 신규 제작합니다.



<변경사항 안내>
* 기존 '파이썬 기반 데이터 분석' 과목의 교과목명이 '오픈소스 기반 데이터 분석'으로 최종 변경 되었습니다. 


* 멀티미디어시스템 2026학년도 폐강 예정으로 강의매체 신규 제작 취소되었습니다.  (현재 폐강 예정으로 확정 공지 추후 드리겠습니다.)




* 첨부된 '동일인정교과목(통합교과) 재이수 기준' 파일에서 [재이수] 및 [대체이수] 취득성적 기준이 변경되어 수정되었으므로 확인 부탁드립니다.








감사합니다.",https://cs.knou.ac.kr/bbs/cs1/2119/734206/artclView.do
669531,"컴퓨터과학과「졸업학력평가(논문, 논문대체)」폐지 공고",2023-09-04,"컴퓨터과학과 「졸업학력평가(논문, 논문대체)」 폐지 공고







안녕하세요,

한국방송통신대학교 컴퓨터과학과입니다.




[컴퓨터과학과 「졸업학력평가(논문, 논문대체)」 폐지 공고]를 다음과 같이 안내드립니다.

이전에 안내드린 대로 컴퓨터과학과의 졸업학력평가(논문, 논문대체)는 2023학년도 2학기 부로 폐지되었습니다.

- 시행일자: 2023. 09. 01. (2023학년도 2학기 현재 재학생, 신·편입생, 휴학생, 수료생 등 전체 적용)







졸업예정자 및 학우분들께서는 다음 내용을 참고해주시기 바랍니다.










□ 졸업가능여부 조회 경로

홈페이지 로그인(맞춤정보) → 학사정보 → 졸업 → 졸업자격증소요학점조회

에서 '졸업가능여부' 란에 가능 또는 불가능 확인

※ 2학기 현재 수강 중인 학점은 2학기 종강 후에 반영됩니다.










□ 자주 묻는 질문

Q1.  이번 2학기까지 수강을 하면 130학점 이상을 이수할 예정입니다. 졸업을 하기 위해서 따로 신청해야 하는 절차가 있나요?

A1.  없습니다. 졸업소요학점인 130학점 이상을 취득하시면 2024년 2월에 자동으로 졸업이 됩니다.







Q2.  당장 2024년도 2월에 졸업을 원하지 않습니다. 졸업을 미루기 위한 방법이 있나요?

A2.  성적향상 등의 목적으로 '졸업유보' 신청을 하실 수 있습니다.

A2.  졸업요건을 충족하면 다음 학기에 수강신청과 등록을 하여도 자동졸업 되므로, 졸업을 원하지 않으면 반드시 졸업유보를 신청하여야 합니다.










관련 학과 공지사항:

- 컴퓨터과학과「졸업학력평가(논문, 논문대체)」폐지 예정 안내 (2023. 05. 11)

https://cs1.knou.ac.kr/bbs/cs1/2119/656288/artclView.do?layout=unknown




관련 학교 공지사항:

- [졸업논문] 졸업학력평가(논문, 논문대체) 변경 사항 안내 (2023학년도 2학기부터 적용) (2023. 05. 25.)

https://knou.ac.kr/bbs/knou/51/658041/artclView.do?layout=unknown




- [졸업] 2023학년도 전기 졸업(2024년 2월) 유보 신청 안내(재학생 및 휴학생) (2023. 09. 01)

https://knou.ac.kr/bbs/knou/51/669064/artclView.do?layout=unknown




- 졸업요건 및 졸업소요학점 안내 등 (https://knou.ac.kr/knou/209/subview.do)










문의: 컴퓨터과학과 (DP34@knou.ac.kr, ☎02-3668-4650)",https://cs.knou.ac.kr/bbs/cs1/2119/669531/artclView.do
734206,2025학년도 컴퓨터과학과 개설교과목 안내(변경사항 추가_250530),2025.01.16,"안녕하세요,

한국방송통신대학교 컴퓨터과학과입니다.




2025학년도 컴퓨터과학과 개설교과목표를 첨부하여 드리오니, 

수강신청에 참고하여 주시기 바랍니다.




2025학년도 우리학과 교과과정 개편으로 인해 교과과정에 대한 문의가 있어

다음과 같이 현재 확정된 개편 현황을 설명드립니다. 





<2025학년도 교과과정 개편 현황>




  1) 1학년 1학기 C프로그래밍: 1학년 2학기로 개설학기 변경


  2) 1학년 1학기 세계의정치와경제(*관리학과: 문화교양학과) 신규 개설


  3) 1학년 2학기  C++프로그래밍:  폐지

  4) 2학년 2학기 오픈소스 기반 데이터 분석: 신규 개발


  5) 2학년 2학기 생활속의경제: '경제학의이해'(*관리학과: 교양교육원)로 과목명 변경 및 개편


  6) 2학년 2학기 철학의이해(*관리학과: 문화교양학과): 미편성





<추가 안내사항>

*파이썬프로그래밍기초 교과목의 교재는 2026학년도 1학기 출간 예정으로 변경되었습니다.

*개설학기 변경 된 'C프로그래밍' 과목은 2025학년도부터 이병래교수님 담당 과목으로 지정되었습니다. 

  C프로그래밍 강의매체(멀티미디어) 2025학년도 2학기에 신규 제작합니다.



<변경사항 안내>
* 기존 '파이썬 기반 데이터 분석' 과목의 교과목명이 '오픈소스 기반 데이터 분석'으로 최종 변경 되었습니다. 


* 멀티미디어시스템 2026학년도 폐강 예정으로 강의매체 신규 제작 취소되었습니다.  (현재 폐강 예정으로 확정 공지 추후 드리겠습니다.)




* 첨부된 '동일인정교과목(통합교과) 재이수 기준' 파일에서 [재이수] 및 [대체이수] 취득성적 기준이 변경되어 수정되었으므로 확인 부탁드립니다.








감사합니다.",https://cs.knou.ac.kr/bbs/cs1/2119/734206/artclView.do
728560,▶ 컴퓨터과학과 특강안내 ◀,2024.11.19,"▶ 컴퓨터과학과 특강안내 ◀




안녕하세요! 대구/경북지역 컴퓨터과학과 학생회입니다.

곧 다가올 기말시험 대비 특강을 준비하였습니다. 오프라인 수업으로 직접 오셔서 참여하시면 됩니다.




일시 : 11월 23일(토) 오후 4시

장소 : 대구/경북지역대학교 503호

내용 : 컴퓨터과학개론 기출문제 풀이

진행 : 박명철 튜터님




자세한 사항은 ishtar3612@naver.com 로 문의주시면 안내해 드리겠습니다.",https://cs.knou.ac.kr/bbs/cs1/2119/728560/artclView.do
727312,[서울지역대학] 컴퓨터과학과 튜터 특강 안내 (11.17. (일)),2024.11.08,"안녕하세요.

컴퓨터과학과입니다.




서울지역대학에서 컴퓨터과학과 문영준 튜터님의 오프라인 특강이 진행될 예정입니다.


내용 확인하시고 학우님들의 많은 참여 바랍니다.




[서울지역대학 학과 튜터 특강 안내]




일시 : 11월17일(일) 15:00 ~ 19:00

내용 : 선형대수 오프라인 튜터 특강

대상 : 선형대수 수강생

준비 : 첨부파일(출력 또는 노트북에 파일 저장하여 지참), 필기도구

장소 : 서울지역대학 7층 713호(2호선 뚝섬역 8번출구 바로 옆 위치)




※ 먼저 도착하신 학생은 강의실이 닫혀 있는 경우 행정실(학생서비스센터)이나 경비실에 문의하시기 바랍니다.  




관심있는 학우 여러분의 많은 참여 부탁드립니다.

감사합니다.",https://cs.knou.ac.kr/bbs/cs1/2119/727312/artclView.do
726894,[공지/과제물] 2024학년도 2학기 선형대수 해외거주학생용 기말과제물 과제명 변경 안내,2024.11.05,"2024학년도 2학기 선형대수 해외거주학생용 기말과제물이 출제 오류로 인하여 변경되었습니다.




외부 유출 등의 이유로 공지사항에 과제명을 공개할 수 없습니다.

학우님들께서는 변경된 과제명 확인하시어 이전 과제물로 제출하지 않도록 유의하여 주시기 바랍니다.




□ 과제명 확인방법: 학사정보시스템 아래 경로에서 확인

  ◦ (경로1) 홈페이지 로그인 ⇒ 나의정보 ⇒ 나의학습종합정보 ⇒ 수강교과목 정보 ⇒ “기말(과제물)제출” 버튼 클릭 ⇒ 과제보기

  ◦ (경로2) 홈페이지 로그인 ⇒ 학사정보 ⇒ 수업/시험 ⇒ 기말(과제물)온라인 제출 ⇒ 과제보기




※ 선형대수는 기말시험 교과목이며 기말과제물은 해외거주학생만 해당됩니다.




감사합니다.",https://cs.knou.ac.kr/bbs/cs1/2119/726894/artclView.do
725860,[공지/과제물] 2024학년도 2학기 컴퓨터과학개론 해외거주학생용 기말과제물 과제명 변경 안내,2024.10.29,"2024학년도 2학기 컴퓨터과학개론 해외거주학생용 기말과제물이 출제 오류로 인하여 변경되었습니다.




외부 유출 등의 이유로 공지사항에 과제명을 공개할 수 없습니다.

학우님들께서는 변경된 과제명 확인하시어 이전 과제물로 제출하지 않도록 유의하여 주시기 바랍니다.




□ 과제명 확인방법: 학사정보시스템 아래 경로에서 확인

  ◦ (경로1) 홈페이지 로그인 ⇒ 나의정보 ⇒ 나의학습종합정보 ⇒ 수강교과목 정보 ⇒ “기말(과제물)제출” 버튼 클릭 ⇒ 과제보기

  ◦ (경로2) 홈페이지 로그인 ⇒ 학사정보 ⇒ 수업/시험 ⇒ 기말(과제물)온라인 제출 ⇒ 과제보기




※ 컴퓨터과학개론은 기말시험 교과목이며 기말과제물은 해외거주학생만 해당됩니다.




감사합니다.",https://cs.knou.ac.kr/bbs/cs1/2119/725860/artclView.do
725050,[삼성청년SW아카데미 모집] 13기 교육생 모집홍보,2024.10.23,"삼성 청년 SW 아카데미(Samsung Software Academy For Youth, SSAFY)는

삼성의 SW 교육 경험과 고용노동부의 취업지원 노하우를 바탕으로,

취업 준비생에게 SW 역량 향상 교육 및 다양한 취업지원 서비스를 제공하여

취업에 성공하도록 돕는 프로그램입니다.

 

'삼성 청년 SW 아카데미' 에서 13기 교육생을 모집합니다.

 

귀교의 인재들이 많이 지원할 수 있도록 적극 홍보해주시면 감사하겠습니다.

★ 모집기간 : 2024년 10월 21일(월) ~ 11월 4일(월) ★

    ★ 13기 지원은 SSAFY.com 에서 가능합니다!",https://cs.knou.ac.kr/bbs/cs1/2119/725050/artclView.do
724281,★ SLR구문분석 특강안내 ★,2024.10.18,"안녕하세요.

컴퓨터과학과입니다.




컴퓨터과학과 김강현교수님 온라인 특강이 진행될 예정입니다.




★ SLR구문분석 특강안내 ★




일시 : 2024.10.26.(토) 14:00~17:00

내용 : 컴퓨터과학과 (SLR구문분석 전국연합특강)

대상 : 관심 있는 학생은 누구나 환영(컴퓨터과학과 재학생 전국대상)

장소 : 온라인 (zoom) - https://us06web.zoom.us/j/89113221796

 




※ 온라인 접속시 학번과 이름으로 꼭! 변경해주시기 바랍니다. 

ex) 123456-456789 / 홍길동




관심있는 학우 여러분의 많은 참여 부탁드립니다.",https://cs.knou.ac.kr/bbs/cs1/2119/724281/artclView.do
720050,★서울지역대학 학과 튜터 특강 안내★,2024.09.25,"★서울지역대학 학과 튜터 특강 안내






일시 : 9월29일(일) 15:00 ~ 18:00
내용 : C++프로그래밍과 컴퓨터과학개론 출석수업 대비 중요한 내용 설명
대상 : 관심 있는 학생은 누구나 환영(다른 지역이나 다른 학년도 자율적으로 참석)
준비 : 학번 메모 + 오프라인 강의 보충자료(빔프로젝트 사용 예정)

장소 : 서울지역대학 5층 505호(2호선 뚝섬역 8번출구 바로 옆 위치)






오프라인 강의 보충자료 : http://cafe.naver.com/cscom
→ 오프라인 강의 하루 전에 C++프로그래밍과 컴퓨터과학개론 게시판에 오프라인 강의 보충자료 업로드 예정입니다.



※ 오프라인 강의는 학생들의 학업에 도움을 드리고자 진행하는 수업으로 소속지역대학과 학년에 상관없이 참석하시면 됩니다.       먼저 도착하신 학생은 강의실이 닫혀 있는 경우 행정실(학생서비스센터)이나 경비실에 문의하시기 바랍니다.  

   관심있는 학우 여러분의 많은 참여 부탁드립니다.",https://cs.knou.ac.kr/bbs/cs1/2119/720050/artclView.do
719769,[온라인 특강] 앱 개발자 특강 안내,2024.09.24,"[온라인 특강] 앱 개발자 특강 안내




안녕하세요. 

강원지역 컴퓨터과학과 학생회장 김정원입니다.




 컴퓨터과학과 학우님과 앱 개발에 관심이 있는 학우분들을 위한 온라인 특강을 준비하였습니다. 




「자고 일어났더니 내가 앱스토어 3위?」

* 프로젝트를 어떻게 이끌고 이런 성과를 냈는지에 대한 이야기




설문조사를 통하여 정해진 주제이며 다음과 같이 안내드립니다.







1. 일시: 2024.10.19.(토) 13:00~14:00




2. 장소: 온라인 ZOOM

- 링크: https://us06web.zoom.us/j/87121854485




3. 내용: 「자고 일어났더니 내가 앱스토어 3위?」




4. 강사: 서희찬




    <주요이력>

-  동국대학교 컴퓨터공학과 학사

-  팔로워 1.2만 보유 개발 인스타그램 운영중

* Email : gmlcks0513@naver.com

* Github : https://github.com/seochan99

* Velog : https://velog.io/@seochan99

* Linkdin : https://www.linkedin.com/in/huichan-seo-443173265/

* Instagram : https://instagram.com/dev_seochan

- 위 SNS외에 많은 개발 수상경력과 다수의 외주 경험 존재







컴퓨터과학과 재학생 여러분의 많은 관심 부탁드립니다.

감사합니다.",https://cs.knou.ac.kr/bbs/cs1/2119/719769/artclView.do
719680,[특강] 「디지털 콘텐츠를 위한 생성형 인공지능(GenAI) 활용」 공지 및 참가자 모집,2024.09.23,"안녕하세요. 

컴퓨터과학과입니다. 




컴퓨터과학과에서 학우님들을 위한 오프라인 특강을 준비하였습니다. 








「디지털 콘텐츠를 위한 생성형 인공지능(GenAI) 활용」특강을 다음과 같이 안내드립니다. 

아울러, 새롭게 진행해보는 특강으로 인원 제한을 두어 선착순으로 모집을 하는 점 양해 부탁드립니다.




1. 일시: 2024.10.5.(토) 14:00~




2. 장소: 한국방송통신대학교 서울지역대학 남부학습센터(목동역) 강의실 302호




3. 내용: 「디지털 콘텐츠를 위한 생성형 인공지능(GenAI) 활용」




4. 강사: 이일섭

   - 소속/직위 : 데이터야놀자 커뮤니티 / 대표




    <주요이력>

   - 연세대학교 산업공학과 박사과정

   - 카드사 AI엔지니어 

   - 『데이터 품질의 비밀』(디코딩, 2023), 『MLOps 실전 가이드』, 『GPT-4를 활용한 인공지능 앱 개발』(2023), 『AI 시대의 프로그래머』(이상 한빛미디어, 2024) 역




3. 참가자 모집기간: ~10/1(화) 자정까지




4. 모집방법: 구글 폼으로 신청서 제출 

   ▶ https://forms.gle/SpAD1NhLyjqAXqGD8




5. 모집 결과 발표: 10/2(수) 오전 개별 통보(문자 안내) *약 20명~25명




6. 유의사항

  ① 개인노트북 지참 필수

  ② 선착순 모집인 관계로 특강 당일 반드시 참석 가능하신 분들만 신청하여 주시기 바랍니다. 

  

7. 식순




시작

	

종료

	

행사 내용

	

비고




1부




14:00

	

14:40

	

오리엔테이션 및 교육 목표 소개

	

강의




생성형 AI 개요

	

강의 및 Q&A




디지털 콘텐츠 제작 사례 분석

	

강의 및 토론




14:40

	

14:50

	

휴식

	

 




2부




14:50

	

15:40

	

실습 1: 프로그램 생성 AI 활용

	

실습




15:40

	

16:30

	

실습 2: 이미지 생성 AI 활용

	

실습




16:30

	

16:40

	

휴식

	

 




3부




16:40

	

17:00

	

결과 발표 및 질의응답

	

발표 및 Q&A




행사 종료







※ 행사 식순은 상황에 따라 일부 변경될 수 있습니다.




컴퓨터과학과 재학생 여러분의 많은 관심 부탁드립니다.

감사합니다.",https://cs.knou.ac.kr/bbs/cs1/2119/719680/artclView.do
751729,고용노동부 IT교육 모집 안내(모집기간 연장),2025-04-28,"안녕하세요 컴퓨터과학과입니다.





고용노동부에서 시행하는 IT 교육 안내드립니다.

관심있는 학우님들께서는 아래 링크 접속하여 신청하시기 바랍니다.





📌 과  정  명 : 생성형 AI를 활용한 미디어 콘텐츠 크리에이터 캠프
📌 모집기간 : 25. 04. 07. ~ 25. 05. 18


📌 교육기간 : 25. 06. 23. ~ 25. 08. 22.

 📌 교육시간 : 09:00 ~ 18:00 (월 ~ 금, 주 5일)

 📌 교육장소 : 실시간 온라인 강의장(ZOOM)
 
✅ 내일배움카드 발급 및 수강 가능자
✅ 2개월간 온라인 수업 참여 가능자
✅ 수료 후 관련 분야로 취/창업 예정자
       ※ 비전공자 지원 가능
 
상세내역 홈페이지 



www.genai-hk.com



📢 상세 일정은 사정에 따라 변경될 수 있습니다.",https://cs.knou.ac.kr/bbs/cs1/2119/751729/artclView.do
751248,★ 2025 컴퓨터과학과 총장배 소프트웨어경진대회 공지사항 ★,2025-04-24,"2025 컴퓨터과학과 총장배 소프트웨어경진대회




대회 목적

	

  ▶컴퓨터과학과 재학생들의 소프트웨어 개발 능력 및 실무 관련 능력을 향상하고, 최신기술 및 지식 습득을 통하여 경쟁력을 높이는 기회를 제공함




참가대상

	

▶ 컴퓨터과학과 재학생만 참가 가능(2025학년도 1학기 기준)

▶ 복수전공자의 경우 주전공 컴퓨터과학과 학생만 가능




출품 분야

	

▶ 게임, 멀티미디어, 유틸리티, 모바일 앱 등 모든 응용 분야




가산점

	

▶ 컴퓨터과학과 교과과정에서 배운 수업 내용을 응용한 경우

▶ 팀(스터디 또는 학생회 등)으로 참가한 경우




유의사항


	

▶ 타인의 저작권을 침해하거나 도용한 작품 또는 회사 소유의 상업적으로 사용하는 작품은 응모할 수 없으며 추후 적발 시 입상 취소 및 민형사상의 책임을 물음.

▶ 출품작의 저작권은 참가자(또는 참가 팀)에게 있음. 다만, 학과는 출품작의 홍보, 전시 등을 위한 비영리적 사용권을 가질 수 있음.

▶ 출품작은 기본적으로 소스코드 공개를 원칙으로 함. 다만, 참가자의 요청 및 학과와 협의에 따라 소스코드 공개 수준을 선택할 수 있음.

▶ 출품작에 포함된 공개소스는 사용 내역과 라이선스 정보를 <참가신청서>에 명확히 표기하고, 라이선스 규정을 철저히 준수해야 함.




주요일정

	

참가 신청 및 작품 제출

	

2025. 5. 26.(월) ~ 7. 25.(금)


	

▶ 첨부파일 ‘소프트웨어경진대회참가신청서’ 제출

▶ 작품제출: 하단 「제출물」 참조

▶ 메일접수: dp34@mail.knou.ac.kr 

(메일제목에 [소프트웨어경진대회 참가 신청_ㅇㅇㅇ]으로 표기)

※ 대용량 시 CD 또는 USB로 우편 제출 또는 구글 드라이브 다운로드 링크 제출

주소: (03087) 서울 종로구 대학로 86 (동숭동) 한국방송통신대학교 본관 510호 컴퓨터과학과 사무실




1차 심사 발표

	

2025. 8. 8.(금)

	

▶ 학과 홈페이지 공지 및 개별연락




수상자 작품 전시 발표


	

2025.8. 30.(토)

	

▶ 전시방식: 온라인(링크 추후 공지)

▶ 전시대상: 전체 참가 작품(변동 가능)

▶ 발표대상: 대상, 금상, 은상, 동상 후보자(팀)

(작품설명 8분, 질의응답 5분)

※ 발표 당일 불참할 경우 심사에서 제외함

※ 발표 시간 초과시 바로 중단




시상

	

2025. 8. 31.(일)

	

▶ 상장, 부상 (입상자)

▶ 인기상 (참가팀 중 추첨)

※ 발표 당일 불참할 경우 시상에서 제외함




제출물

(심사 및 게재용)

	

▶ 참가신청서 작성 제출 (첨부파일 확인)

▶ 실행 가능 상태의 응용 프로그램, 실행 방법 및 소스파일

▶ 발표자료 파일(파워포인트, 시연 영상)

※ 자유 서식. 단, 개발목적 및 배경, 내용 및 방법, 프로그램의 구조, 실행 예, 결론은 반드시 포함 시킬 것




대회 당일

발표자 준비사항

	

▶ 작품설명 동영상 (사전에 개별 공지)

▶ 대회 시작 30분전까지 발표 사전준비 완료
(발표자료, 영상자료 등 발표시 필요한 모든 자료 상태 점검 등)




기타

	

▶ 장려상 입상자의 경우 작품 발표 없이 시상만 진행할 예정임.

▶ 총장상을 제외한 학과 차원에서 시상하는 상장은 교내 포상내역에 미등재됨.

▶ 2인 이상 팀 접수의 경우 상장 및 부상은 대표자 1인에게만 교부

▶ 상금 및 상품은 학과운영 상황에 따라 변경 될 수 있음




문의

	

▶ 컴퓨터과학과 사무실: 02-3668-4650 




첨부파일

	

▶ 소프트웨어경진대회 참가신청서",https://cs.knou.ac.kr/bbs/cs1/2119/751248/artclView.do
735327,★ 2025학년도 1학기 컴퓨터과학과 튜터 및 학생회 & 스터디 명단 ★,2025-01-24,"안녕하세요.

컴퓨터과학과입니다.




2025학년도 1학기 컴퓨터과학과 튜터 및 학생회 & 스터디 명단을 공개하오니 참고하시기 바랍니다.


감사합니다.







<2025학년도 1학기 컴퓨터과학과 튜터 명단>




학년	1학년 과목	과목담당교수
1	

유비쿼터스컴퓨팅개론

	

정광식




파이썬프로그래밍기초

	

정재화




지역 구분

	

성명




서울,부산

	

김남희




서울남부,인천,대전충남,울산

	

민정숙





경기,강원,충북,경남,광주전남,제주

	

서경애




총계

	

3명







학년

	

2학년 과목

	

과목담당교수

	







2

	

HTML5웹프로그래밍

	

김희천

	







Java프로그래밍

	

이관용

	







지역 구분

	

성명

	

SNS




전 지역

	

문영준

	

다음




총계

	

1명

	










학년

	

3학년 과목

	

과목담당교수




3

	

알고리즘

	

이관용




인공지능

	

이병래




지역 구분

	

성명




서울,충북

	

박명철




경기,부산

	

김대현




인천,울산,광주전남

	

신은섭




서울남부

	

은인기




서울서부,강원,대전충남

	

김 룡




경기성남,경남

	

신정화




서울남부,제주

	

송명식




서울

	

윤성림




서울북부,인천부천

	

강신배




경기안양/안산,대구경북,전북

	

황금숙




총계

	

10명
















<2025학년도 1학기 컴퓨터과학과 스터디 명단>







지역

	

명칭

	

참여

구분

	

임원

	

홈페이지




서울

	

비트앤바이트스터디

(BNB 스터디)

	

전학년

	

이현주


	

사이트




한우리스터디

	

전학년

	

진주영

	

카페




Growth Log

	

전학년

	

안혜린

	

사이트




인천

	

ICCS

	

전학년

	

하진수

	

카페




경기

	

COM++

	

전학년

	

이효재

	

카카오톡




경남

	

CP-U

	

전학년

	

이요성

	

카페




대구 경북

	

블루스크린

	

전학년

	

김영화

	










<2025학년도 1학기 컴퓨터과학과 학생회 명단>




지역 구분

	

성명

	

SNS 링크




서울

	

도은경

	

오픈채팅

(knoucs)




밴드




경기

	

이효재

	

오픈채팅




카페




인천

	

하진수

	

오픈채팅




카페




강원

	

김정원

	

오픈채팅




대전충남

	

이재헌


	

오픈채팅




충북

	

채경아

	

오픈채팅




대구경북

	

김영화


	

오픈채팅




경남

	

이요성

	

카페




울산

	

김효정

	

오픈채팅




광주전남

	

강솔빈

	

오픈채팅
(knou2025)




부산

	

송태성

	







제주

	

오성민

	

오픈채팅",https://cs.knou.ac.kr/bbs/cs1/2119/735327/artclView.do
734206,2025학년도 컴퓨터과학과 개설교과목 안내(변경사항 추가_250530),2025-01-16,"안녕하세요,

한국방송통신대학교 컴퓨터과학과입니다.




2025학년도 컴퓨터과학과 개설교과목표를 첨부하여 드리오니, 

수강신청에 참고하여 주시기 바랍니다.




2025학년도 우리학과 교과과정 개편으로 인해 교과과정에 대한 문의가 있어

다음과 같이 현재 확정된 개편 현황을 설명드립니다. 





<2025학년도 교과과정 개편 현황>




  1) 1학년 1학기 C프로그래밍: 1학년 2학기로 개설학기 변경


  2) 1학년 1학기 세계의정치와경제(*관리학과: 문화교양학과) 신규 개설


  3) 1학년 2학기  C++프로그래밍:  폐지

  4) 2학년 2학기 오픈소스 기반 데이터 분석: 신규 개발


  5) 2학년 2학기 생활속의경제: '경제학의이해'(*관리학과: 교양교육원)로 과목명 변경 및 개편


  6) 2학년 2학기 철학의이해(*관리학과: 문화교양학과): 미편성





<추가 안내사항>

*파이썬프로그래밍기초 교과목의 교재는 2026학년도 1학기 출간 예정으로 변경되었습니다.

*개설학기 변경 된 'C프로그래밍' 과목은 2025학년도부터 이병래교수님 담당 과목으로 지정되었습니다. 

  C프로그래밍 강의매체(멀티미디어) 2025학년도 2학기에 신규 제작합니다.



<변경사항 안내>
* 기존 '파이썬 기반 데이터 분석' 과목의 교과목명이 '오픈소스 기반 데이터 분석'으로 최종 변경 되었습니다. 


* 멀티미디어시스템 2026학년도 폐강 예정으로 강의매체 신규 제작 취소되었습니다.  (현재 폐강 예정으로 확정 공지 추후 드리겠습니다.)




* 첨부된 '동일인정교과목(통합교과) 재이수 기준' 파일에서 [재이수] 및 [대체이수] 취득성적 기준이 변경되어 수정되었으므로 확인 부탁드립니다.








감사합니다.",https://cs.knou.ac.kr/bbs/cs1/2119/734206/artclView.do
669531,"컴퓨터과학과「졸업학력평가(논문, 논문대체)」폐지 공고",2023-09-04,"컴퓨터과학과 「졸업학력평가(논문, 논문대체)」 폐지 공고







안녕하세요,

한국방송통신대학교 컴퓨터과학과입니다.




[컴퓨터과학과 「졸업학력평가(논문, 논문대체)」 폐지 공고]를 다음과 같이 안내드립니다.

이전에 안내드린 대로 컴퓨터과학과의 졸업학력평가(논문, 논문대체)는 2023학년도 2학기 부로 폐지되었습니다.

- 시행일자: 2023. 09. 01. (2023학년도 2학기 현재 재학생, 신·편입생, 휴학생, 수료생 등 전체 적용)







졸업예정자 및 학우분들께서는 다음 내용을 참고해주시기 바랍니다.










□ 졸업가능여부 조회 경로

홈페이지 로그인(맞춤정보) → 학사정보 → 졸업 → 졸업자격증소요학점조회

에서 '졸업가능여부' 란에 가능 또는 불가능 확인

※ 2학기 현재 수강 중인 학점은 2학기 종강 후에 반영됩니다.










□ 자주 묻는 질문

Q1.  이번 2학기까지 수강을 하면 130학점 이상을 이수할 예정입니다. 졸업을 하기 위해서 따로 신청해야 하는 절차가 있나요?

A1.  없습니다. 졸업소요학점인 130학점 이상을 취득하시면 2024년 2월에 자동으로 졸업이 됩니다.







Q2.  당장 2024년도 2월에 졸업을 원하지 않습니다. 졸업을 미루기 위한 방법이 있나요?

A2.  성적향상 등의 목적으로 '졸업유보' 신청을 하실 수 있습니다.

A2.  졸업요건을 충족하면 다음 학기에 수강신청과 등록을 하여도 자동졸업 되므로, 졸업을 원하지 않으면 반드시 졸업유보를 신청하여야 합니다.










관련 학과 공지사항:

- 컴퓨터과학과「졸업학력평가(논문, 논문대체)」폐지 예정 안내 (2023. 05. 11)

https://cs1.knou.ac.kr/bbs/cs1/2119/656288/artclView.do?layout=unknown




관련 학교 공지사항:

- [졸업논문] 졸업학력평가(논문, 논문대체) 변경 사항 안내 (2023학년도 2학기부터 적용) (2023. 05. 25.)

https://knou.ac.kr/bbs/knou/51/658041/artclView.do?layout=unknown




- [졸업] 2023학년도 전기 졸업(2024년 2월) 유보 신청 안내(재학생 및 휴학생) (2023. 09. 01)

https://knou.ac.kr/bbs/knou/51/669064/artclView.do?layout=unknown




- 졸업요건 및 졸업소요학점 안내 등 (https://knou.ac.kr/knou/209/subview.do)










문의: 컴퓨터과학과 (DP34@knou.ac.kr, ☎02-3668-4650)",https://cs.knou.ac.kr/bbs/cs1/2119/669531/artclView.do
718093,컴퓨터과학과 NOTION 활용법 설명회,2024.09.11,"▶ 컴퓨터과학과 NOTION 활용법 설명회◀




안녕하세요! 컴퓨터과학과 여러분!!

컴퓨터과학과 학생회에서 NOTION 활용법 설명회를 진행합니다. 대학생활 하며 필요한 것들을 함께 공유하고자 합니다.

NOTION 사용활용법을 알고자하는 학우님들께서는 참여해 주시기 바랍니다. 

누구나 참여 가능합니다. 




일시 : 9월 18일(수) 오후 8시

장소 : Zoom (온라인)

링크 : https://us06web.zoom.us/j/85937869496?pwd=aSOOCkxT14afNCeqSbHayvW3XT3KAb.1

ID : 859 3786 9496

암호 : DgCs2024",https://cs.knou.ac.kr/bbs/cs1/2119/718093/artclView.do
716312,▶컴퓨터과학과 연합 스터디 일정 안내◀,2024.08.30,"안녕하세요.

컴퓨터과학과 학우 여러분!!




2학기 시작과 함께 컴퓨터과학과 연합 스터디가 준비되어 있습니다.




연합스터디 일정을 다음과 같이 안내 드리오니 많은 참여바랍니다! 




 <연합 스터디 일정>
------------------------------
[UNIX 시스템 스터디 매주 화, 수 주 2회 // 9월3일 첫 모임]
UNIX 시스템(황우석): 화요일, 7:30~9:30 
UNIX 시스템(황우석): 수요일, 9:30~10:30




[선형대수 스터디 매주 목요일, 주 1회 // 9월5일 첫 모임]
선형대수(권도현): 목요일, 9:00~11:00
------------------------------
주제: 연합스터디
참가 Zoom 회의
https://us06web.zoom.us/j/86928293792?pwd=6azLoHAJKjMvqrFdHhVsW96aCStUEy.1


회의 ID: 869 2829 3792
암호: 586326







★ 연합스터디 단톡방 링크★

https://open.kakao.com/o/g8rweNKg










감사합니다.",https://cs.knou.ac.kr/bbs/cs1/2119/716312/artclView.do
715950,▶ 컴퓨터과학과 학습설명회 ◀,2024.08.28,"▶ 컴퓨터과학과 학습설명회 ◀




안녕하세요! 신∙편입생 여러분!!

컴퓨터과학과 학생회에서 학습설명회를 진행합니다. OT 때 자세히 전하지 못한 내용들을 직접 시범을 보이며 자세히 알려드리고자 합니다.

출석수업 진행 및 중간과제물 제출이나 클라우드 PC 사용법 등 학업에 도움이 되는 정보들을 받으실 수 있습니다. OT에 참석 못 하신 분들은 꼭 참여 바랍니다.

참고로, 최대 접속 인원 제한은 300명입니다.




일시 : 9월 2일(월) 오후 8시

장소 : Zoom (온라인)

링크 : https://us06web.zoom.us/j/84002553888?pwd=RV2KA6qbV6o621HP1b2AXh7eZHrovT.1

회의 ID : 840 0255 3888

암호: CS2024",https://cs.knou.ac.kr/bbs/cs1/2119/715950/artclView.do
715068,[컴퓨터과학과] 강원지역대학 컴퓨터과학과 신·편입생 오리엔테이션 실시 안내,2024.08.21,"2024학년도 2학기 컴퓨터과학과 신·편입생 오리엔테이션(강원지역) 일정을 안내 드립니다.

학과 교수님께서 참석하실 예정이오니, 해당 지역의 신·편입생 및 재학생 여러분의 많은 참석 부탁드립니다.

 

<2024학년도 2학기 컴퓨터과학과 신·편입생 오리엔테이션(강원지역)>

 

- 일시: 2024. 8. 24.(토) 14:00~16:00

- 링크: https://us06web.zoom.us/j/84808788990?pwd=mPStgtDqUixmy6beFLMmkW01Y0ygw7.1

- 내용: 학과 및 교수 소개, 학사 안내, Q&A 등

- 식순:

24-2학기 컴퓨터과학과 강원지역 신·편입생 오리엔테이션

온라인(ZOOM)




시작

	

종료

	

행사 내용

	

비고




1부




14:00

	

14:05

	

인사말 및 식순 안내

	

학과 조교




14:05

	

14:30

	

학사 안내 및 질의응답

	

김남희 튜터님




2부




14:30

	

14:50

	

신입생 소개

	

 




14:50

	

15:00

	

학생회 임원 선출

	

 




3부




15:00

	

16:00

	

- 교수 소개

 

- 환영사 및 학과 안내

	

학과 조교

 

손진곤 교수님




행사 종료







※ 당일 학과 사정상 위 순서는 변경될 수 있습니다.




감사합니다.",https://cs.knou.ac.kr/bbs/cs1/2119/715068/artclView.do
714472,2024 총장배 소프트웨어경진대회 1차 심사 결과 안내,2024.08.14,"안녕하세요 컴퓨터과학과입니다.




2024학년도 컴퓨터과학과 총장배 소프트웨어경진대회에 참가해주셔서 감사 드리며, 1차 심사 결과를 공지합니다. [붙임 파일 참고]




심사 결과에 따라 아래에 해당하는 작품 관련 결과물을 제출해주시기 바랍니다.







1. 한마당대회 행사 당일 발표 및 전시 대상자




  -  한마당대회 행사 당일(8.31토)에 작품 소개 PPT 및 발표준비 

      ※ PPT용량은 50MB 미만, 글꼴 포함 저장 필수

      ※ 발표시간 8분, 발표시간 초과 시 바로 중단




  - 전시용 시연 영상(최대 3분)




  - 작품 설명 요약본(A4 1페이지 이내, 한글 또는 word 파일, 포스터 형식의 자유 양식)







2. 전시 대상자




 - 전시용 시연 영상(최대 3분)




 - 작품 설명 요약본(A4 1페이지 이내, 한글 또는 word 파일, 포스터 형식의 자유 양식)







3. 공통 사항




 가. 제출기한: 2024.8.21(수)까지

  

 나. 제출방법: dp34@knou.ac.kr 이메일 제출

 

 다. 모든 제출물은 각 분량 기준 및 제출기한을 반드시 지켜주시기 바랍니다.




 라. 발표 PPT와 전시용 시연 영상의 경우, 기 제출한 자료를 수정할 경우에만 제출(행사 당일 수정 불가하오니 반드시 제출기한 엄수)




 마. 발표자의 경우, 한마당대회에서 발표를 안 할 경우 입상이 취소될 수 있으니 유의하시기 바랍니다.




 




행사 일정 상 제출 기한을 넉넉히 드리지 못하게 되어 양해 말씀 드리며 꼭 제출 기한을 준수해 주시기 바랍니다.




관련하여 문의 사항이 있다면 학과 전화 02-3668-4650으로 연락 부탁드립니다.




감사합니다.",https://cs.knou.ac.kr/bbs/cs1/2119/714472/artclView.do
710870,제11회 소프트웨어 개발보안 경진대회 개최,2024.07.04,"제11회 소프트웨어 개발보안 경진대회 개최 계획







□ 목적

 

○ 미래 개발자인 대학(원)생을 대상으로 안전한 SW를 직접 개발하는 경진대회를 개최하여 SW 개발보안 제도 홍보 및 역량 강화 추진

 

□ 주요내용

 

○ (대 회 명) 제11회 SW 개발보안 경진대회

 

○ (대회주제) 개발보안으로 만들어가는 안전한 디지털 세상

 

○ (참가대상) 국내 소재 대학의 대학(원)생으로 구성된 팀(4인 이하)

 

○ (대회내용) 창의적인 아이디어를 바탕으로 개발한 SW를 보안약점이 제거된 안전한 SW로 개발·구현

○ (시상내역) 과학기술정보통신부장관상(2점) 등 5점

 

□ 대회 운영

 

○ (신청방법) 2024.7.2.(화), 10시 ~ 2024.8.2.(월), 18시까지

 

- 한국인터넷진흥원 누리집에서 개발기획서 다운로드 및 작성 → 포스터 내 QR코드 또는 링크 접속하여 제출(www.kisa.or.kr-알림마당-공지사항)

 

○ (주요일정) 예선 및 본선 1차 온라인 개최, 본선 2차 오프라인 발표

 




①예선접수

		

②예선발표

		

③본선

사전설명회

	

 

	

④본선 1차

(온라인)

		

⑤본선 2차

및 수상작 발표




 

	

 

	

 

	

 

	

 

	

 

	

 

	

 

	

 




7.2(화)-8.2(금)

	

 

	

8.5(월)

	

 

	

8.6(화)

	

 

	

8.16(금)

	

 

	

8.23(금)




· 개발기획서 제출

	

 

	

· 15개팀 선발

	

 

	

· SW 개발보안 교육

· 본선 운영방식 안내

	

 

	

· 서비스개요서, 소스코드, 발표자료 제출

	

 

	

· 수상작 5점 발표",https://cs.knou.ac.kr/bbs/cs1/2119/710870/artclView.do
706248,[컴퓨터과학과 학생회] 기말대비 집중 모임 공부,2024.05.13,"[컴퓨터과학과 학생회] 기말대비 집중 모임 공부 










일시: 5월 26일(일) 오후 1시부터 6시 30분까지 진행




진행방식: 스스로 공부하다 모르는 내용 채팅창으로 질문, 답변하는 형식입니다.




참여방법: 이름_학번

공부하는 손 or 화면 핸드폰 카메라로 공유




zoom 링크: https://us06web.zoom.us/j/81948071152




회의 ID: 819 4807 1152",https://cs.knou.ac.kr/bbs/cs1/2119/706248/artclView.do
701413,[강원/경북/대구지역] AIoT 개발을 위한 사물인터넷 기초 과정(일정별 상이) (류욱재 박사님),2024.04.09,"안녕하세요.

컴퓨터과학과입니다.

 

컴퓨터과학과 류욱재 튜터님의 오프라인 특강이 진행될 예정입니다.

 

지역 제한이 있어 해당하시는 지역 학우님들은 내용 확인하시고 많은 참여 바랍니다.

 

 

[강원/경북/대구지역] AIoT 개발을 위한 사물인터넷 기초 과정(류욱재 박사님)]

 

모집기간: 24.04.01 ~ 24.05.10

결과발표: 24.05.10

교육기간: 24.05.13 ~ 24.07.28

 

교육대상 : 강원/경북/대구 지역 누구나




교육장소: 김천ICT이노베이션스퀘어




접수방법: https://lms.ictcog.or.kr/

사이트 방문하여 지원서 제출




선정방법: 1. 서면평가- 제출된 지원서 기준 평가 진행

             2. 전화면접- 필요시 전화 인터뷰 예정

 

 

자세한 사항은 해당 홈페이지를(https://lms.ictcog.or.kr/page/edu/crs/eduCourseInfoList.do?courseId=COURSE_0000000000006) 통해 확인바랍니다.

관심있는 학우 여러분의 많은 참여 부탁드립니다.

감사합니다.",https://cs.knou.ac.kr/bbs/cs1/2119/701413/artclView.do
751729,고용노동부 IT교육 모집 안내(모집기간 연장),2025-04-28,"안녕하세요 컴퓨터과학과입니다.





고용노동부에서 시행하는 IT 교육 안내드립니다.

관심있는 학우님들께서는 아래 링크 접속하여 신청하시기 바랍니다.





📌 과  정  명 : 생성형 AI를 활용한 미디어 콘텐츠 크리에이터 캠프
📌 모집기간 : 25. 04. 07. ~ 25. 05. 18


📌 교육기간 : 25. 06. 23. ~ 25. 08. 22.

 📌 교육시간 : 09:00 ~ 18:00 (월 ~ 금, 주 5일)

 📌 교육장소 : 실시간 온라인 강의장(ZOOM)
 
✅ 내일배움카드 발급 및 수강 가능자
✅ 2개월간 온라인 수업 참여 가능자
✅ 수료 후 관련 분야로 취/창업 예정자
       ※ 비전공자 지원 가능
 
상세내역 홈페이지 



www.genai-hk.com



📢 상세 일정은 사정에 따라 변경될 수 있습니다.",https://cs.knou.ac.kr/bbs/cs1/2119/751729/artclView.do
751248,★ 2025 컴퓨터과학과 총장배 소프트웨어경진대회 공지사항 ★,2025-04-24,"2025 컴퓨터과학과 총장배 소프트웨어경진대회




대회 목적

	

  ▶컴퓨터과학과 재학생들의 소프트웨어 개발 능력 및 실무 관련 능력을 향상하고, 최신기술 및 지식 습득을 통하여 경쟁력을 높이는 기회를 제공함




참가대상

	

▶ 컴퓨터과학과 재학생만 참가 가능(2025학년도 1학기 기준)

▶ 복수전공자의 경우 주전공 컴퓨터과학과 학생만 가능




출품 분야

	

▶ 게임, 멀티미디어, 유틸리티, 모바일 앱 등 모든 응용 분야




가산점

	

▶ 컴퓨터과학과 교과과정에서 배운 수업 내용을 응용한 경우

▶ 팀(스터디 또는 학생회 등)으로 참가한 경우




유의사항


	

▶ 타인의 저작권을 침해하거나 도용한 작품 또는 회사 소유의 상업적으로 사용하는 작품은 응모할 수 없으며 추후 적발 시 입상 취소 및 민형사상의 책임을 물음.

▶ 출품작의 저작권은 참가자(또는 참가 팀)에게 있음. 다만, 학과는 출품작의 홍보, 전시 등을 위한 비영리적 사용권을 가질 수 있음.

▶ 출품작은 기본적으로 소스코드 공개를 원칙으로 함. 다만, 참가자의 요청 및 학과와 협의에 따라 소스코드 공개 수준을 선택할 수 있음.

▶ 출품작에 포함된 공개소스는 사용 내역과 라이선스 정보를 <참가신청서>에 명확히 표기하고, 라이선스 규정을 철저히 준수해야 함.




주요일정

	

참가 신청 및 작품 제출

	

2025. 5. 26.(월) ~ 7. 25.(금)


	

▶ 첨부파일 ‘소프트웨어경진대회참가신청서’ 제출

▶ 작품제출: 하단 「제출물」 참조

▶ 메일접수: dp34@mail.knou.ac.kr 

(메일제목에 [소프트웨어경진대회 참가 신청_ㅇㅇㅇ]으로 표기)

※ 대용량 시 CD 또는 USB로 우편 제출 또는 구글 드라이브 다운로드 링크 제출

주소: (03087) 서울 종로구 대학로 86 (동숭동) 한국방송통신대학교 본관 510호 컴퓨터과학과 사무실




1차 심사 발표

	

2025. 8. 8.(금)

	

▶ 학과 홈페이지 공지 및 개별연락




수상자 작품 전시 발표


	

2025.8. 30.(토)

	

▶ 전시방식: 온라인(링크 추후 공지)

▶ 전시대상: 전체 참가 작품(변동 가능)

▶ 발표대상: 대상, 금상, 은상, 동상 후보자(팀)

(작품설명 8분, 질의응답 5분)

※ 발표 당일 불참할 경우 심사에서 제외함

※ 발표 시간 초과시 바로 중단




시상

	

2025. 8. 31.(일)

	

▶ 상장, 부상 (입상자)

▶ 인기상 (참가팀 중 추첨)

※ 발표 당일 불참할 경우 시상에서 제외함




제출물

(심사 및 게재용)

	

▶ 참가신청서 작성 제출 (첨부파일 확인)

▶ 실행 가능 상태의 응용 프로그램, 실행 방법 및 소스파일

▶ 발표자료 파일(파워포인트, 시연 영상)

※ 자유 서식. 단, 개발목적 및 배경, 내용 및 방법, 프로그램의 구조, 실행 예, 결론은 반드시 포함 시킬 것




대회 당일

발표자 준비사항

	

▶ 작품설명 동영상 (사전에 개별 공지)

▶ 대회 시작 30분전까지 발표 사전준비 완료
(발표자료, 영상자료 등 발표시 필요한 모든 자료 상태 점검 등)




기타

	

▶ 장려상 입상자의 경우 작품 발표 없이 시상만 진행할 예정임.

▶ 총장상을 제외한 학과 차원에서 시상하는 상장은 교내 포상내역에 미등재됨.

▶ 2인 이상 팀 접수의 경우 상장 및 부상은 대표자 1인에게만 교부

▶ 상금 및 상품은 학과운영 상황에 따라 변경 될 수 있음




문의

	

▶ 컴퓨터과학과 사무실: 02-3668-4650 




첨부파일

	

▶ 소프트웨어경진대회 참가신청서",https://cs.knou.ac.kr/bbs/cs1/2119/751248/artclView.do
735327,★ 2025학년도 1학기 컴퓨터과학과 튜터 및 학생회 & 스터디 명단 ★,2025-01-24,"안녕하세요.

컴퓨터과학과입니다.




2025학년도 1학기 컴퓨터과학과 튜터 및 학생회 & 스터디 명단을 공개하오니 참고하시기 바랍니다.


감사합니다.







<2025학년도 1학기 컴퓨터과학과 튜터 명단>




학년	1학년 과목	과목담당교수
1	

유비쿼터스컴퓨팅개론

	

정광식




파이썬프로그래밍기초

	

정재화




지역 구분

	

성명




서울,부산

	

김남희




서울남부,인천,대전충남,울산

	

민정숙





경기,강원,충북,경남,광주전남,제주

	

서경애




총계

	

3명







학년

	

2학년 과목

	

과목담당교수

	







2

	

HTML5웹프로그래밍

	

김희천

	







Java프로그래밍

	

이관용

	







지역 구분

	

성명

	

SNS




전 지역

	

문영준

	

다음




총계

	

1명

	










학년

	

3학년 과목

	

과목담당교수




3

	

알고리즘

	

이관용




인공지능

	

이병래




지역 구분

	

성명




서울,충북

	

박명철




경기,부산

	

김대현




인천,울산,광주전남

	

신은섭




서울남부

	

은인기




서울서부,강원,대전충남

	

김 룡




경기성남,경남

	

신정화




서울남부,제주

	

송명식




서울

	

윤성림




서울북부,인천부천

	

강신배




경기안양/안산,대구경북,전북

	

황금숙




총계

	

10명
















<2025학년도 1학기 컴퓨터과학과 스터디 명단>







지역

	

명칭

	

참여

구분

	

임원

	

홈페이지




서울

	

비트앤바이트스터디

(BNB 스터디)

	

전학년

	

이현주


	

사이트




한우리스터디

	

전학년

	

진주영

	

카페




Growth Log

	

전학년

	

안혜린

	

사이트




인천

	

ICCS

	

전학년

	

하진수

	

카페




경기

	

COM++

	

전학년

	

이효재

	

카카오톡




경남

	

CP-U

	

전학년

	

이요성

	

카페




대구 경북

	

블루스크린

	

전학년

	

김영화

	










<2025학년도 1학기 컴퓨터과학과 학생회 명단>




지역 구분

	

성명

	

SNS 링크




서울

	

도은경

	

오픈채팅

(knoucs)




밴드




경기

	

이효재

	

오픈채팅




카페




인천

	

하진수

	

오픈채팅




카페




강원

	

김정원

	

오픈채팅




대전충남

	

이재헌


	

오픈채팅




충북

	

채경아

	

오픈채팅




대구경북

	

김영화


	

오픈채팅




경남

	

이요성

	

카페




울산

	

김효정

	

오픈채팅




광주전남

	

강솔빈

	

오픈채팅
(knou2025)




부산

	

송태성

	







제주

	

오성민

	

오픈채팅",https://cs.knou.ac.kr/bbs/cs1/2119/735327/artclView.do
734206,2025학년도 컴퓨터과학과 개설교과목 안내(변경사항 추가_250530),2025-01-16,"안녕하세요,

한국방송통신대학교 컴퓨터과학과입니다.




2025학년도 컴퓨터과학과 개설교과목표를 첨부하여 드리오니, 

수강신청에 참고하여 주시기 바랍니다.




2025학년도 우리학과 교과과정 개편으로 인해 교과과정에 대한 문의가 있어

다음과 같이 현재 확정된 개편 현황을 설명드립니다. 





<2025학년도 교과과정 개편 현황>




  1) 1학년 1학기 C프로그래밍: 1학년 2학기로 개설학기 변경


  2) 1학년 1학기 세계의정치와경제(*관리학과: 문화교양학과) 신규 개설


  3) 1학년 2학기  C++프로그래밍:  폐지

  4) 2학년 2학기 오픈소스 기반 데이터 분석: 신규 개발


  5) 2학년 2학기 생활속의경제: '경제학의이해'(*관리학과: 교양교육원)로 과목명 변경 및 개편


  6) 2학년 2학기 철학의이해(*관리학과: 문화교양학과): 미편성





<추가 안내사항>

*파이썬프로그래밍기초 교과목의 교재는 2026학년도 1학기 출간 예정으로 변경되었습니다.

*개설학기 변경 된 'C프로그래밍' 과목은 2025학년도부터 이병래교수님 담당 과목으로 지정되었습니다. 

  C프로그래밍 강의매체(멀티미디어) 2025학년도 2학기에 신규 제작합니다.



<변경사항 안내>
* 기존 '파이썬 기반 데이터 분석' 과목의 교과목명이 '오픈소스 기반 데이터 분석'으로 최종 변경 되었습니다. 


* 멀티미디어시스템 2026학년도 폐강 예정으로 강의매체 신규 제작 취소되었습니다.  (현재 폐강 예정으로 확정 공지 추후 드리겠습니다.)




* 첨부된 '동일인정교과목(통합교과) 재이수 기준' 파일에서 [재이수] 및 [대체이수] 취득성적 기준이 변경되어 수정되었으므로 확인 부탁드립니다.








감사합니다.",https://cs.knou.ac.kr/bbs/cs1/2119/734206/artclView.do
669531,"컴퓨터과학과「졸업학력평가(논문, 논문대체)」폐지 공고",2023-09-04,"컴퓨터과학과 「졸업학력평가(논문, 논문대체)」 폐지 공고







안녕하세요,

한국방송통신대학교 컴퓨터과학과입니다.




[컴퓨터과학과 「졸업학력평가(논문, 논문대체)」 폐지 공고]를 다음과 같이 안내드립니다.

이전에 안내드린 대로 컴퓨터과학과의 졸업학력평가(논문, 논문대체)는 2023학년도 2학기 부로 폐지되었습니다.

- 시행일자: 2023. 09. 01. (2023학년도 2학기 현재 재학생, 신·편입생, 휴학생, 수료생 등 전체 적용)







졸업예정자 및 학우분들께서는 다음 내용을 참고해주시기 바랍니다.










□ 졸업가능여부 조회 경로

홈페이지 로그인(맞춤정보) → 학사정보 → 졸업 → 졸업자격증소요학점조회

에서 '졸업가능여부' 란에 가능 또는 불가능 확인

※ 2학기 현재 수강 중인 학점은 2학기 종강 후에 반영됩니다.










□ 자주 묻는 질문

Q1.  이번 2학기까지 수강을 하면 130학점 이상을 이수할 예정입니다. 졸업을 하기 위해서 따로 신청해야 하는 절차가 있나요?

A1.  없습니다. 졸업소요학점인 130학점 이상을 취득하시면 2024년 2월에 자동으로 졸업이 됩니다.







Q2.  당장 2024년도 2월에 졸업을 원하지 않습니다. 졸업을 미루기 위한 방법이 있나요?

A2.  성적향상 등의 목적으로 '졸업유보' 신청을 하실 수 있습니다.

A2.  졸업요건을 충족하면 다음 학기에 수강신청과 등록을 하여도 자동졸업 되므로, 졸업을 원하지 않으면 반드시 졸업유보를 신청하여야 합니다.










관련 학과 공지사항:

- 컴퓨터과학과「졸업학력평가(논문, 논문대체)」폐지 예정 안내 (2023. 05. 11)

https://cs1.knou.ac.kr/bbs/cs1/2119/656288/artclView.do?layout=unknown




관련 학교 공지사항:

- [졸업논문] 졸업학력평가(논문, 논문대체) 변경 사항 안내 (2023학년도 2학기부터 적용) (2023. 05. 25.)

https://knou.ac.kr/bbs/knou/51/658041/artclView.do?layout=unknown




- [졸업] 2023학년도 전기 졸업(2024년 2월) 유보 신청 안내(재학생 및 휴학생) (2023. 09. 01)

https://knou.ac.kr/bbs/knou/51/669064/artclView.do?layout=unknown




- 졸업요건 및 졸업소요학점 안내 등 (https://knou.ac.kr/knou/209/subview.do)










문의: 컴퓨터과학과 (DP34@knou.ac.kr, ☎02-3668-4650)",https://cs.knou.ac.kr/bbs/cs1/2119/669531/artclView.do
701145,[공지] 2024학년도 1학기 C프로그래밍 출석수업대체과제물 변경,2024.04.08,"2024학년도 1학기 C프로그래밍 출석수업대체과제물 지시사항 변경되었습니다.




아래 변경된 내용 참조하여 수정된 과제명 확인 부탁드립니다.




학년

	

교과목

	

수정부분

	

변경전

	

변경후




1

	

C프로그래밍

	

<과제2> 4번

	

[예제 4-3] 다음은 함수에서 자료 전달 방법인 값에 의한 자료 전달 방법과 참조에 의한 자료 전달 방법의 차이점을 보이는 프로그램이다.

	

[예제 4-3] 다음은 입력 문자열 중 숫자, 공백, 문자의 수를 출력하는 프로그램이다.",https://cs.knou.ac.kr/bbs/cs1/2119/701145/artclView.do
700543,"[장학] 2024학년도 1학기 교외장학생(발전기금재단, 출판문화원, 아시아발전재단) 선발 안내",2024.04.05,"2024학년도 1학기 한국방송통신대학교 교외장학생 선발 안내

(발전기금재단, 출판문화원, 아시아발전재단)







 

 

 

 

1. 선발인원 및 장학금액




구분

	

선발인원

	

장학금액*

	

비고




발전기금재단장학

	

333명

	

300,000원

	

 




출판문화원장학

	

240명

	

250,000원

	

 




아시아발전재단장학

	

120명

	

250,000원

	

 







* 2024. 1학기 등록금(필수경비) 범위 내에서 지원

- 성적우수(증진) 장학생: 15만원

- 성적우수(격려) 장학생: 발전기금재단(30만원), 출판문화원ㆍ아시아발전재단(25만원)

※ 2024학년도 하반기 장학생 선발계획은 2024. 10월경 공지 예정




2. 신청자격 및 제출서류

󰊱 신청자격(이수학점 및 평균평점)




구분

	

공통기준

	

비고




발전기금재단장학

출판문화원장학

아시아발전재단장학

	

• 당해 학기 재학

- 2024. 1학기 재학생(신·편입생, 복학생, 재입학생 제외)

• 이수학점 및 평균평점

- 2023. 2학기 12학점 이상 이수 ※ 단, 멘토링 별도 조건

- 평점평균 2.0이상(F학점 제외)인 자

	

교내장학

기준적용







※ 멘토링 활동의 경우 전전학기까지 18학점 이상 이수

 

󰊲 장학별 자격요건 및 제출서류

① 발전기금재단장학

장학명

	

자격요건 및 제출서류




발전기금재단

	

사회봉사

	

◦실적시간: 50시간 이상, 일일 6시간까지 인정

◦사회봉사인증기관 사이트에서 발급된 활동확인서만 인정(이 외 모두 불인정)

※ 헌혈증 제출 불가

※ 합산 제출 가능(예: VMS+1365, DOVOL)

- 사회복지 봉사활동 인증관리센터(www.vms.or.kr)

- 1365 자원봉사포털 사이트(www.1365.go.kr)

- 한국청소년자원봉사포털(www.youth.go.kr) 내 DOVOL (자원봉사)기관에서 발급한 활동확인서

◦봉사기관 사이트에 회원으로 가입하여 실적확인서를 발급가능







 

 

장학명

	

자격요건 및 제출서류




발

전

기

금

재

단

	

교내공로

	

◦공로요건: 소속 학과 및 학교와 관련된 활동만 인정

- 학과 및 학생회에서 주관하는 활동

<예> 학과 MT, 대동제, 총장배가요제, 체육행사, ◌◌인의 밤,홈커밍데이, 나눔마켓 등

- 이 외 학과장 및 지역대학장이 인정하는 활동

※ 스터디 및 동아리 모임 제외

※ 공로요건에 불합치하는 경우 별도 고지없이 반려내용 기재후 반려

◦제출서류 및 제출방법

- 공적활동확인서 작성ㆍ제출(공적조서로 제출시 미인정)

- 공적활동내역: 4건

- 공적활동사진: 4장

☞ 년, 월, 일 및 행사명 확인이 가능한 플랭카드 및 입간판(X-배너) 등을 포함하여 반드시 본인이 나온 사진(본인 체크)

◦추천권자

- 서울지역: 본인 소속학과 학과장

- 그 외 지역대학: 소속 지역대학장

※ 학과 및 지역대학을 방문하여 직인 또는 서명 받아 제출




멘토링

	

◦신청 학기 재학생으로 전전학기까지 18학점 이상 취득하고,

평점평균 2.0 이상인 자로 멘토로 신청된 자

◦10,000점 이상의 활동포인트(별도 실적 제출 없음)

※ 멘토로 신청하지 않은 경우 발전기금재단 장학금 신청 불가

◦멘토링(멘토) 신청자는 반드시 성희롱·성폭력·가정폭력 예방교육* 이수한 후 신청

※ 멘토 신청 시 해당교육을 이수한 학생만 멘토로 활동할 수 있도록 자격기준 강화(학교홈페이지-U-KNOU 캠퍼스-성희롱·성폭력·가정폭력 예방교육 수강)

◦단, 멘토활동에 대한 인센티브로 지급되는 모바일 쿠폰(1만원은) 장학급 수혜시 지급하지 않음



※ 제출에 필요한 서류는 접수마감일 기준 1개월 이내 발급분(인터넷 발급 포함)




 

② 출판문화원장학

장학명

	

자격사항

	

제출서류




출

판

문

화

원

	

기초생활

수급자

	

◦본인 또는

◦가구원

- 미혼일 경우 부 또는 모

- 기혼일 경우 배우자

	

◦기초생활수급자 증명서

◦(가구원 명의 시)

- 가족관계증명서 또는

주민등록등본 추가




차상위계층

	

◦본인 또는

◦가구원

- 미혼일 경우 부 또는 모

- 기혼일 경우 배우자

	

◦차상위 증빙서류 중 택 1

※ 증빙서류 붙임 참조

◦(가구원 명의 시)

- 가족관계증명서 또는

주민등록등본 추가




장애인

	

◦본인

	

◦장애인복지카드 사본 또는

장애인증명서










장학명

	

자격사항

	

제출서류




출

판

문

화

원

	

방송대가족

	

◦본인과 배우자, 본인 직계 존·비속 및 형제·자매가 방송대(학부, 프라임칼리지, 대학원)에 재학 중인 자

◦신청자와 가족대상 교차지원 불가

- 가족대상자는 재학생일 것

- 가족 학번 정확하게 입력할 것

<예시>

☞ 신청자(홍길동), 대상자(성춘향)

⇒ 가능

☞ 신청자(성춘향), 대상자(홍길동)

⇒ 불가(사유: 교차지원)

※ 1인만 선택하여 신청

	

◦가족관계증명서 또는

주민등록등본







※ 차상위계층 증빙서류

증명서

	

발급기관

	

명의

	

비고




한부모가족증명서

	

주민자치센터

	

본인

또는

가구원 명의*

- 미혼일 경우 : 부 또는 모 - 기혼일 경우

: 배우자

※ 기혼일 경우 자녀명의의 증빙서류 제출 불가

	

◦본인 명의만 인정




장애인연금,(경증)장애수당,

장애아동수당수급자 확인서

	

주민자치센터

	

◦장애인연금수급자: ‘차상위 부가 급여 대상자’에 대해서만 차상위 인정




자활근로자확인서

	

주민자치센터

	

◦자활에 필요한 사업에 참가한 자




차상위 본인부담 경감대상자 증명서

	

국민건강

보험공단

	

◦희귀난치성 중증 질환자

◦만성질환자

◦18세 미만인 자 중 소득인정액 기준과 부양의무자 기준(부양 요건)을 모두 갖춘 자




차상위계층확인서

	

주민자치센터

	





* 가구원 명의 시 가족관계증명서 또는 주민등록등본 1부 제출(본인이 대상자인 경우 불필요) 

※ 제출서류는 접수마감일 기준 1개월 이내 발급분(인터넷 발급 포함)

 

③ 아시아발전재단장학

장학명

	

자격사항

	

제출서류




아

시

아

발

전

재

단

	

결혼 이민자1)

	

① 대한민국 국적 취득자

	

◦국적 취득이 기록된 기본증명서

또는 제적등본

◦가족관계증명서




② 대한민국 국적 미취득자

	

◦국적이 표기된 혼인관계증명서

또는 외국인등록증 사본

◦가족관계증명서







장학명

	

자격사항

	

제출서류




아

시

아

발

전

재

단

	

다문화 자녀2)

	

본인

	

◦① 또는 ②에 해당하는 부모 명의 서류

◦가족관계증명서




북한이탈 주민

	

본인

	

◦별도 제출서류 없음







※ 1), 2)「다문화가족지원법」제2조에 따른 결혼이민자와 대한민국 국적을 취득한 자 및 그 자녀

- 증명서 인정기간: 접수마감일 기준 1개월 이내 발급분(인터넷 발급 포함)

- 기본증명서, 혼인관계증명서에 국적 표기가 되지 않는 경우 제적등본 등 국적이 표기된 증빙서류로 제출

- 제출서류 중 주민등록번호가 포함된 서류는 주민등록번호 뒷자리 마스킹 처리




󰊳 신청(선발) 제외대상 ※ 제한대상 사유발생 시 환수조치

◦ 당해학기 수강신청 과목이 없는 자

◦ 당해학기 교·내외 전액 장학금 수혜자

◦ 당해학기 성적장학(격려, 증진)을 제외한 교·내외 장학금 중복지원 불가

※ 후생복지·나눔·교육보호장학금 수혜자 신청 불가

◦ 발전기금재단장학, 출판문화원장학, 아시아발전재단장학, 학업지속장학 중복인정 불가 (擇 1)

◦ 당해학기 발전기금장학 신청자는 사회봉사인점학점과 중복인정 불가 (擇 1)

- 유아교육과 교육봉사 등 각종 봉사활동은 중복인정 불가

(예) 같은 기간에 봉사활동 50시간으로 사회봉사학점을 인정받고, 멘토링 1만점으로 발전기금재단 장학을 수혜할 수 없음(기간 중복에 따른 이중수혜)

◦ 학생임원장학을 24. 2학기에 신청하고자 하는 자는 발전기금재단장학(24. 1학기: 교내공로)과 이중인정(실적기간 중복/학기 기준) 불가 (擇 1)

◦ 발전기금장학(멘토링활동) 중 당해학기에 멘토로 신청하지 않은 자

◦ 발전기금재단장학금 4회 초과자 ※ 학부과정 주민번호 기준 합산 횟수

◦ 한국장학재단 중복지원 대상자 및 과거 중복지원자

◦ 개인정보 수집·이용 및 제3자 제공 미동의자

◦ 이외 제출서류가 미흡하거나 기준 요건에 미달되는 자

 

 

3. 신청기간 및 방법




구분

	

내용




활동기간

	

2024. 1. 18.(목) ~ 6. 10.(월) ※ 1학기 수강신청일 ~ 신청마감 전일




신청기간

	

2024. 6. 4.(화) 09:00 ~ 6. 11.(화) 18:00 [8일간]




신청방법

	

◦ 학교 홈페이지(www.knou.ac.kr) 로그인–맞춤정보–나의정보–종합신청정보–(등록/장학) 교외(발전, 출판, 아시아)장학 신청

※ 온라인으로 신청함에 따라 본인 소속지역대학 접수됨(제출서류 없음)

※ 장학금 지급 당시 재학생이어야함(발전기금재단에서 지급)

※ 한국장학재단에 대출이 있는 경우, 별도의 고지없이 재단으로 즉시 반환

※ 신청시 유의사항

- 제출서류 업로드(원본을 스캔하여 하나의 파일 또는 여러개의 파일을 압축하여 업로드)

- 휴대폰 번호, 이메일, 은행명, 계좌번호 입력(압류자가 아닌 경우 통장 사본 미첨부)

◦ 압류자로 본인의 통장을 사용할 수 없는 경우: 가족명의 통장 사용

※ 압류자의 경우 다음의 4가지 서류를 함께 업로드

1. 통장압류 증빙자료(통장압류 결정문 등)

2. 지급받을 사람의 통장 사본

3. 관계를 증명할 수 있는 증빙서류(가족관계증명서, 등본 등)

4. 학생 동의를 확인할 수 있는 자필 자유서(미양식)




확인방법

	

◦ 홈페이지 로그인-나의정보-학사종합정보-장학(처리상태‘선발’)

◦ 홈페이지 로그인-학사정보–장학–장학생신청 결과조회




문의사항

	

◦ 추천: 소속 학과 및 지역대학(시군학습관 제외)

※ 문의: 각 지역대학, 대표번호(1577-9995), 학생과(02-3668-4171)

◦ 접수: 각 지역대학(단, 서울지역소속 학생은 성수, 남부, 북부, 서부)







 

 

4. 선발우선순위 ※ 신청자가 선발인원을 초과하는 경우




구분

	

내용




발전기금재단

아시아발전재단

	

◦ 1순위: 직전학기 평점평균(F 포함)이 높은 자

◦ 2순위: 직전학기 실점평균이 높은 자

◦ 3순위: 직전학기 이수학점(P 제외)이 높은 자

◦ 4순위: 총 취득학점(P 포함)이 높은 자

※ 소수점이하 다섯째 자리에서 반올림, 맞춤정보 성적은 소수점 둘째자리에서 반올림

※ 사회봉사, 원격대학교육의이해, 교육실습 등 평점이 없는 교과목은 평점산출에서 제외




출판문화원

	

◦ 기초생활수급자 → 차상위계층 → 장애인 → 방송대가족

※ 경제적 곤란자 우선 추천







5. 신청, 추천, 선발 과정




소속학과

지역대학

	

※ 추천 및 선발 흐름




1차 추천

	

 

	

신청

	

 

	

접수

	

 

	

추천

	

 

	

선발 및 지급




학생 →

학과 및 지역대학

	

 

	

학생 → 홈페이지

	

 

	

지역대학

※ 학과 접수 없음

	

 

	

학생과

	

 

	

발전기금재단







1. 신청: 학생이 홈페이지에서 온라인 신청

2. 추천(1차): 학과장(서울지역대학), 지역대학장(기타 지역대학)

※ 공적활동확인서 추천 시 유의사항

① 학과(서울) 및 지역대학 담당자 추천시 확인 사항

• 공적활동 및 사진 실적 확인 1차 추천기관이므로 반드시 실적을 확인 후 대상자인 경우에만 추천 가능 → 공적활동 및 사진 실적 중 하나라도 미달인 경우 미추천

• 공적활동 내용과 사진 내용이 일치여부, 사진에 당사자 표시 여부 확인

→ 년, 월, 일 및 행사명 확인이 가능한 플랭카드 및 입간판(X-배너) 등을 포함하여 반드시 본인이 나온 사진(본인 체크)으로 제출

• 공적활동확인서 유의사항에 기재된 반려 대상인지 반드시 확인 후 추천

• 동일 학과 및 지역대학에서 다수의 제출자가 모두 동일한 실적으로 제출하는 경우 모두 반려

② 학과장 및 지역대학장 추천을 받아 해당 부서장의 직인 사용

3. 접수: 지역대학 담당자가 홈페이지에서 서류검토 후 접수

※ 서울지역(성수,남부,북부,서부)을 제외한 나머지 지역은 학습관 접수 없음

4. 추천(최종): 지역 담당자 접수 후 학생과에서 취합하여 최종 추천







 

6. 개인정보 처리

▢ 개인정보 수집·이용 및 제공 동의 고시, 신청자가 동의하여 지급 신청

◦ 목적: 장학생 추천·선발 및 장학금 지급

◦ 항목: 학과, 학번, 주민번호, 이름, 연락처, 학점, 성적, 계좌정보, 장학금액

◦ 이용기간: 한국장학재단에 장학금 지급정보 등록 후 폐기

◦ 제공하는 기관: 한국방송통신대학교 발전기금재단

 

7. 문의사항

◦ 학생과: 02-3668-4171~2

◦ 소속학과 및 지역대학: 홈페이지 참고

 

2024. 4. 1.

 

학 생 처 장",https://cs.knou.ac.kr/bbs/cs1/2119/700543/artclView.do
700327,[서울지역대학] 컴퓨터과학과 튜터 특강 안내 (4.7 (일)),2024.04.04,"안녕하세요.

컴퓨터과학과입니다.




서울지역대학에서 컴퓨터과학과 김남희 튜터님의 오프라인 특강이 진행될 예정입니다.

내용 확인하시고 학우님들의 많은 참여 바랍니다.




[서울지역대학 학과 튜터 특강 안내]




일시 : 4월7일(일) 15:00 ~ 19:00

내용 : C프로그래밍 + 컴퓨터의 이해

대상 : 관심 있는 학생은 누구나 환영(다른 지역이나 다른 학년도 자율적으로 참석)

준비 : 학번 메모 + 오프라인 강의 보충자료(빔프로젝트 사용 예정)

장소 : 서울지역대학 8층 803호(2호선 뚝섬역 8번출구 바로 옆 위치)




오프라인 강의 보충자료 : http://cafe.naver.com/cscom

→ 오프라인 강의 하루 전에 C프로그래밍과 컴퓨터의 이해 게시판에 오프라인 강의 보충자료 업로드 예정입니다.




※ 오프라인 강의는 학생들의 학업에 도움을 드리고자 진행하는 수업으로 소속지역대학과 학년에 상관없이 참석하시면 됩니다.  먼저 도착하신 학생은 강의실이 닫혀 있는 경우 행정실(학생서비스센터)이나 경비실에 문의하시기 바랍니다.  




관심있는 학우 여러분의 많은 참여 부탁드립니다.

감사합니다.",https://cs.knou.ac.kr/bbs/cs1/2119/700327/artclView.do
698655,[충북지역대학] 2024학년도 충북지역 컴퓨터과학과 MT 행사 안내,2024.03.27,"[MT행사 안내 공지]




안녕하세요. 충북지역 컴퓨터과학과 학생회입니다.

충북지역 컴퓨터과학과 학생들을 위한 동문과 재학생이 함께하는 1박2일 MT행사를 개최합니다.

또한, 김진욱 교수님께서 참석하실 예정이니 많은 분들이 참여하셔서 즐겁고 유쾌한 추억과 좋은 인연 만들어 가시기 바랍니다.

적극적인 참여와 의견 주시면 감사하겠습니다.

 

◎ 일시 : 5월 11일(토요일) ~ 12일(일요일), 1박2일

◎ 장소 : 청주소재 옥화대 펜션

◎ 대상 : 충북지역 컴퓨터과학과 재학생

◎ 문의 및 신청 : https://open.kakao.com/o/gKdRl80b (충북지역 오픈톡)

◎ 행사일정




시 간

	

내 용




1일차

	

13:00 ~ 18:30

	

최근 트렌드 발표

다양한 게임과 이벤트 행사를 통한 멤버십 증진




18:30 ~ 20:00

	

저녁식사




22:00 ~

	

자유시간 및 취침




2일차

	

08:30 ~ 09:00

	

기상 및 아침식사




09:00 ~ 12:00

	

주변 산행 또는 관광




12:00 ~

	

점심식사 후 해산







◎ 준비물 : 약간의 참가비와 충북지역 컴퓨터과학과를 사랑하는 마음",https://cs.knou.ac.kr/bbs/cs1/2119/698655/artclView.do
693040,[컴퓨터과학과 학생회] 2024학년도 1학기 컴퓨터과학과 학습설명회,2024.02.29,"안녕하세요.

컴퓨터과학과입니다.




컴퓨터과학과 학생회에서 학우님들을 위해 학습설명회를 개최하고자 하오니 많은 참여 부탁드립니다.










주제: 컴퓨터과학과 학습설명회

시간: 2024년 3월 3일 오후 08:00~ 




참가 Zoom 회의 주소

https://us06web.zoom.us/j/4936445350?omn=82448769295




회의 ID: 493 644 5350







감사합니다.",https://cs.knou.ac.kr/bbs/cs1/2119/693040/artclView.do
689422,2024학년도 1학기 신·편입생 오리엔테이션 안내 (서울지역),2024.02.05,"2024학년도 1학기 컴퓨터과학과 신·편입생 오리엔테이션(서울지역) 일정을 안내해드리오니, 

신·편입생 여러분의 많은 참석 부탁드립니다.










<2024학년도 1학기 컴퓨터과학과 신·편입생 오리엔테이션(서울지역)>




- 일시: 2024.2.17.(토) 10:00~12:00




- 장소: 한국방송통신대학교 대학본부 열린관 1층 대강당 (서울시 종로구 대학로 88(지하철 혜화역 2번 출구))




- 내용: 학과 및 교수 소개, 학사 안내, Q&A 등










*주차장 혼잡으로 입장이 어려울 수 있으니, 대중교통 이용 바랍니다.




*행사 이후 녹화 영상 업로드 예정",https://cs.knou.ac.kr/bbs/cs1/2119/689422/artclView.do
677028,[대구/경북지역] 2023 컴퓨터과학과 메이커 페어,2023.10.19,"안녕하세요!

대구/경북지역 컴퓨터과학과 학생회입니다.

대구/경북지역 컴퓨터과학과 학생들을 위한 메이커 페어를 개최합니다.

관람 및 전시체험은 누구나 참여할 수 있으며, 만들기 체험(오또봇 or 자율주행)은 신청서를 제출하셔야 합니다.

간단한 점심식사와 다과도 준비되어 있으니, 오셔서 좋은 인연 만들어 가시기 바랍니다.

 

• 일시 : 2023년 10월 28일 토요일 (오전10시~오후4시)

• 장소 : 대구/경북지역대학 4층 401호

• 대상 : 대구/경북지역 컴퓨터과학과 재학생(가족포함)

• 문의 : 010-9243-3612 (학생회장 김영화)

• 신청 : https://muz.so/2023대경CS메이커페어

 

█ 전시품 : 임베디드 메이커 작품(거미로봇, 로봇팔, 지게차, G-봇, 아두이노 피아노, 아두이노 라디오, 스마트시티, 그 외 다수의 작품 전시 및 체험 가능)

█ S/W 교구 체험 (사전신청)

- 오전 : 오또봇 만들기 (선착순 25명)

- 오후 : 자율 주행 자동차 만들기 (선착순 25명)

* 교육 및 실습 교구 무료 제공",https://cs.knou.ac.kr/bbs/cs1/2119/677028/artclView.do
671289,[수업] <선형대수> 출석수업 전체 일정 공지,2023.09.13,"선형대수 출석수업 일정 공지

 

선형대수를 수강하는 학생 여러분, 안녕하세요?

이번 학기 진행되는 출석수업에 대해 알려드립니다.

출석수업은 반드시 수강하여야 하는 수업입니다.

 

동일한 수업을 듣는 학우들도 만나 서로 정보도 공유할 수 있고

대학생으로서 자신이 소속된 대학에서 공부하는 기회가 될 것입니다.

특히, 교수님의 강의를 직접 수강하면서 궁금한 점도 해결할 수 있습니다.

 

출석수업은 과목당 6시간을 수강하는 것이 원칙이나

코로나 시기부터 3시간으로 축소되어 운영되고 있습니다.

학생이 소속되어 있는 지역대학에서 언제 출석수업이 있는지 확인하셔서

반드시 수강하시도록 해주시기 바랍니다. (참고사항 참조)

 

손진곤

 

 

 

<참고 사항>

1. 소속된 지역대학의 출석수업 일정에 맞추기 어려운 학생은

다른 지역대학에서 출석수업을 수강하실 수 있습니다.

이 경우는 소속 지역대학에 문의하여 수강신청지역을 변경하시기 바랍니다.

 

2. 어느 지역대학에서 제공하는 출석수업에도 참석하기 어려운 학생은

출석수업대체시험(30점 만점)을 신청하여 볼 수 있습니다.

이 시험은 정해진 일시에 소속 지역대학에 출석해서 치루셔야 합니다.

자세한 사항은 소속 지역대학이나 컴퓨터과학과에 문의하시기 바랍니다.

 

3. 출석수업의 마지막 시간에 10분간의 시험이 있습니다.

(온라인 출석수업의 경우 10분간 인터넷 설문지를 통한 시험이 있습니다.)

시험 내용은 강의 중에서 다룬 기본적이고 중요한 내용에 대해 평가합니다.

시험을 보지 않으면 출석점수가 0점으로 처리됩니다.

 




4. 출석수업은 1회에 한하여 수강하셔야 합니다.

(한 지역에서 수강하고 또 다른 지역대학에서 수강하는 경우가

발생되지 않도록 주의해주세요.

이런 경우가 발생되면,

성적은 처음 수강한 지역에서의 시험 점수로 처리됩니다.)

 

5. 2023학년도 2학기 선형대수 출석수업 일정

 

일시 (요일)

	

지역대학

	

형태(on/off)

	

교실 (교시)

	

교수




9월 07일(목)

	

경기

	

오프라인

	

2개 (2, 3교시)

	

문영준, 양영욱




9월 09일(토)

	

강원(춘천)

	

오프라인

	

1개 (3교시)

	

김병욱




9월 16일(토)

	

전북

	

오프라인

	

1개 (3교시)

	

손진곤




9월 19일(화)

	

서울(성수)

	

오프라인

	

4개 (1, 2, 3교시)

	

손진곤, 문영준




9월 23일(토)

	

부산

	

오프라인

	

1개 (1교시)

	

김병욱




9월 24일(일)

	

서울(남부)

	

오프라인

	

6개 (1, 2, 3교시)

	

손진곤, 강태원, 양영욱




10월 07일(토)

	

충북

	

오프라인

	

1개 (2교시)

	

김병욱




10월 08일(일)

	

인천

	

오프라인

	

1개 (3교시)

	

양영욱




10월 15일(일)

	

울산, 강릉

	

온라인

	

1개 (2교시)

	

손진곤




10월 15일(일)

	

대전

	

오프라인

	

1개 (3교시)

	

손진곤




10월 22일(일)

	

경남, 제주

	

온라인

	

1개 (2교시)

	

양영욱




11월 04일(토)

	

대구

	

오프라인

	

1개 (1교시)

	

손진곤




11월 12일(일)

	

광주

	

오프라인

	

1개 (2교시)

	

김병욱




(※ 1교시 (9:00~ 11:50), 2교시 (13:00~15:50), 3교시 (16:00~18:50) )",https://cs.knou.ac.kr/bbs/cs1/2119/671289/artclView.do
